eFG_pct,Team_eFG_pct,2019_eFG_pct,Last_3_eFG_pct,Last_1_eFG_pct,Home_eFG_pct,Away_eFG_pct,2018_eFG_pct,2019_Turnover_rate,Last_3_Turnover_rate,Last_1_Turnover_rate,Home_Turnover_rate,Away_Turnover_rate,2018_Turnover_rate,2019_Offensive_Rebound_Rate,Last_3_Offensive_Rebound_Rate,Last_1_Offensive_Rebound_Rate,Home_Offensive_Rebound_Rate,Away_Offensive_Rebound_Rate,2018_Offensive_Rebound_Rate,2019_Free_Throw_Pct,Last_3_Free_Throw_Pct,Last_1_Free_Throw_Pct,Home_Free_Throw_Pct,Away_Free_Throw_Pct,2018_Free_Throw_Pct,,,
309,Abl Christian, 0.44 , 0.41 , 0.46 , 0.45 , 0.44 , 0.52 , 0.18 , 0.19 , 0.19 , 0.20 , 0.17 , 0.17 , 0.24 , 0.26 , 0.23 , 0.27 , 0.23 , 0.26 , 0.76 , 0.80 , 0.82 , 0.77 , 0.75 , 0.72 ,,,
39,Air Force, 0.54 , 0.63 , 0.54 , 0.58 , 0.52 , 0.51 , 0.18 , 0.17 , 0.12 , 0.18 , 0.17 , 0.19 , 0.18 , 0.18 , 0.12 , 0.20 , 0.17 , 0.21 , 0.74 , 0.73 , 0.77 , 0.79 , 0.69 , 0.68 ,,,
170,Akron, 0.49 , 0.52 , 0.56 , 0.49 , 0.50 , 0.48 , 0.20 , 0.21 , 0.24 , 0.20 , 0.19 , 0.17 , 0.27 , 0.28 , 0.42 , 0.25 , 0.28 , 0.23 , 0.76 , 0.77 , 0.69 , 0.74 , 0.79 , 0.71 ,,,
315,Alab A&M, 0.44 , 0.47 , 0.39 , 0.48 , 0.42 , 0.46 , 0.17 , 0.17 , 0.11 , 0.13 , 0.19 , 0.22 , 0.19 , 0.23 , 0.17 , 0.28 , 0.16 , 0.25 , 0.69 , 0.74 , 0.76 , 0.78 , 0.62 , 0.63 ,,,
89,Alabama, 0.52 , 0.57 , 0.56 , 0.51 , 0.53 , 0.50 , 0.23 , 0.23 , 0.26 , 0.24 , 0.21 , 0.19 , 0.31 , 0.35 , 0.24 , 0.31 , 0.31 , 0.30 , 0.70 , 0.69 , 0.71 , 0.73 , 0.66 , 0.67 ,,,
330,Alabama St, 0.43 , 0.43 , 0.41 , -- , 0.43 , 0.46 , 0.24 , 0.23 , 0.23 , -- , 0.24 , 0.20 , 0.16 , 0.22 , 0.24 , -- , 0.16 , 0.29 , 0.69 , 0.72 , 0.80 , -- , 0.69 , 0.65 ,,,
226,Albany, 0.48 , 0.49 , 0.55 , 0.49 , 0.47 , 0.49 , 0.18 , 0.21 , 0.29 , 0.18 , 0.18 , 0.21 , 0.22 , 0.18 , 0.23 , 0.21 , 0.23 , 0.25 , 0.75 , 0.73 , 0.65 , 0.78 , 0.74 , 0.75 ,,,
352,Alcorn State, 0.38 , 0.39 , 0.35 , -- , 0.38 , 0.46 , 0.22 , 0.24 , 0.22 , -- , 0.22 , 0.24 , 0.26 , 0.20 , 0.24 , -- , 0.26 , 0.29 , 0.71 , 0.64 , 0.64 , -- , 0.71 , 0.67 ,,,
75,American, 0.52 , 0.51 , 0.44 , 0.56 , 0.50 , 0.53 , 0.17 , 0.22 , 0.25 , 0.18 , 0.17 , 0.18 , 0.23 , 0.26 , 0.28 , 0.21 , 0.24 , 0.23 , 0.65 , 0.60 , 0.38 , 0.74 , 0.59 , 0.70 ,,,
267,App State, 0.46 , 0.42 , 0.49 , 0.49 , 0.45 , 0.51 , 0.20 , 0.18 , 0.14 , 0.19 , 0.21 , 0.18 , 0.24 , 0.25 , 0.19 , 0.22 , 0.25 , 0.25 , 0.63 , 0.51 , 0.59 , 0.68 , 0.60 , 0.72 ,,,
228,AR Lit Rock, 0.47 , 0.48 , 0.42 , 0.46 , 0.48 , 0.54 , 0.24 , 0.27 , 0.26 , 0.24 , 0.25 , 0.22 , 0.30 , 0.30 , 0.23 , 0.31 , 0.29 , 0.23 , 0.69 , 0.69 , 0.67 , 0.71 , 0.68 , 0.66 ,,,
13,Arizona, 0.57 , 0.48 , 0.29 , 0.59 , 0.53 , 0.49 , 0.17 , 0.16 , 0.22 , 0.16 , 0.18 , 0.16 , 0.31 , 0.27 , 0.27 , 0.32 , 0.29 , 0.26 , 0.74 , 0.80 , 0.82 , 0.73 , 0.75 , 0.72 ,,,
211,Arizona St, 0.48 , 0.48 , 0.46 , 0.48 , 0.48 , 0.51 , 0.16 , 0.15 , 0.16 , 0.13 , 0.18 , 0.18 , 0.24 , 0.24 , 0.36 , 0.33 , 0.17 , 0.30 , 0.70 , 0.69 , 0.68 , 0.69 , 0.70 , 0.68 ,,,
342,Ark Pine Bl, 0.41 , 0.41 , 0.50 , -- , 0.41 , 0.48 , 0.29 , 0.35 , 0.34 , -- , 0.29 , 0.22 , 0.20 , 0.24 , 0.20 , -- , 0.20 , 0.27 , 0.62 , 0.68 , 0.80 , -- , 0.62 , 0.68 ,,,
149,Arkansas, 0.50 , 0.50 , 0.49 , 0.51 , 0.47 , 0.51 , 0.18 , 0.21 , 0.19 , 0.18 , 0.19 , 0.18 , 0.22 , 0.21 , 0.23 , 0.24 , 0.15 , 0.26 , 0.78 , 0.78 , 0.70 , 0.80 , 0.69 , 0.67 ,,,
101,Arkansas St, 0.52 , 0.46 , 0.58 , 0.51 , 0.53 , 0.47 , 0.20 , 0.20 , 0.17 , 0.19 , 0.22 , 0.19 , 0.25 , 0.24 , 0.18 , 0.30 , 0.14 , 0.32 , 0.73 , 0.76 , 0.82 , 0.74 , 0.71 , 0.74 ,,,
122,Army, 0.51 , 0.52 , 0.50 , 0.54 , 0.47 , 0.50 , 0.19 , 0.18 , 0.19 , 0.19 , 0.18 , 0.16 , 0.16 , 0.19 , 0.27 , 0.18 , 0.14 , 0.18 , 0.55 , 0.53 , 0.55 , 0.53 , 0.58 , 0.68 ,,,
28,Auburn, 0.55 , 0.49 , 0.50 , 0.59 , 0.51 , 0.54 , 0.18 , 0.18 , 0.24 , 0.19 , 0.17 , 0.17 , 0.35 , 0.40 , 0.36 , 0.35 , 0.35 , 0.30 , 0.66 , 0.61 , 0.66 , 0.74 , 0.59 , 0.71 ,,,
90,Austin Peay, 0.52 , 0.56 , 0.59 , 0.59 , 0.46 , 0.53 , 0.19 , 0.20 , 0.09 , 0.18 , 0.20 , 0.16 , 0.34 , 0.36 , 0.29 , 0.39 , 0.31 , 0.32 , 0.72 , 0.73 , 0.65 , 0.70 , 0.74 , 0.71 ,,,
62,Ball State, 0.53 , 0.52 , 0.68 , 0.55 , 0.49 , 0.52 , 0.17 , 0.21 , 0.12 , 0.19 , 0.13 , 0.20 , 0.27 , 0.26 , 0.32 , 0.26 , 0.29 , 0.26 , 0.62 , 0.74 , 0.79 , 0.65 , 0.57 , 0.70 ,,,
119,Baylor, 0.51 , 0.49 , 0.36 , 0.51 , 0.51 , 0.51 , 0.17 , 0.16 , 0.22 , 0.18 , 0.16 , 0.19 , 0.36 , 0.36 , 0.37 , 0.39 , 0.33 , 0.37 , 0.73 , 0.74 , 0.82 , 0.67 , 0.80 , 0.68 ,,,
29,Belmont, 0.55 , 0.59 , 0.60 , 0.60 , 0.53 , 0.58 , 0.17 , 0.22 , 0.23 , 0.17 , 0.18 , 0.15 , 0.22 , 0.17 , 0.12 , 0.19 , 0.24 , 0.24 , 0.68 , 0.68 , 0.75 , 0.70 , 0.67 , 0.74 ,,,
312,Beth-Cook, 0.44 , 0.41 , 0.37 , -- , 0.44 , 0.48 , 0.19 , 0.14 , 0.10 , -- , 0.19 , 0.21 , 0.24 , 0.27 , 0.11 , -- , 0.24 , 0.32 , 0.70 , 0.71 , 0.69 , -- , 0.70 , 0.61 ,,,
179,Binghamton, 0.49 , 0.49 , 0.58 , 0.52 , 0.47 , 0.50 , 0.17 , 0.15 , 0.18 , 0.14 , 0.20 , 0.18 , 0.29 , 0.33 , 0.31 , 0.32 , 0.27 , 0.19 , 0.69 , 0.75 , 0.75 , 0.72 , 0.66 , 0.64 ,,,
187,Boise State, 0.49 , 0.56 , 0.52 , 0.46 , 0.53 , 0.54 , 0.16 , 0.14 , 0.14 , 0.13 , 0.19 , 0.17 , 0.19 , 0.17 , 0.12 , 0.15 , 0.24 , 0.22 , 0.73 , 0.75 , 0.92 , 0.74 , 0.71 , 0.73 ,,,
194,Boston Col, 0.49 , 0.49 , 0.58 , 0.48 , 0.51 , 0.49 , 0.21 , 0.22 , 0.23 , 0.18 , 0.29 , 0.17 , 0.21 , 0.23 , 0.28 , 0.17 , 0.29 , 0.27 , 0.67 , 0.46 , 0.50 , 0.70 , 0.59 , 0.70 ,,,
245,Boston U, 0.47 , 0.48 , 0.42 , 0.58 , 0.44 , 0.53 , 0.18 , 0.16 , 0.11 , 0.17 , 0.18 , 0.18 , 0.29 , 0.38 , 0.44 , 0.23 , 0.31 , 0.25 , 0.65 , 0.69 , 0.69 , 0.58 , 0.67 , 0.68 ,,,
241,Bowling Grn, 0.47 , 0.47 , 0.49 , 0.53 , 0.45 , 0.51 , 0.12 , 0.11 , 0.08 , 0.10 , 0.13 , 0.16 , 0.23 , 0.23 , 0.17 , 0.18 , 0.25 , 0.29 , 0.72 , 0.62 , 0.75 , 0.60 , 0.78 , 0.67 ,,,
255,Bradley, 0.47 , 0.47 , 0.59 , 0.51 , 0.42 , 0.50 , 0.18 , 0.19 , 0.16 , 0.16 , 0.20 , 0.19 , 0.36 , 0.33 , 0.38 , 0.39 , 0.33 , 0.25 , 0.72 , 0.70 , 0.81 , 0.72 , 0.71 , 0.69 ,,,
257,Brown, 0.47 , 0.46 , 0.42 , 0.49 , 0.43 , 0.50 , 0.22 , 0.22 , 0.20 , 0.22 , 0.23 , 0.20 , 0.36 , 0.34 , 0.23 , 0.36 , 0.36 , 0.22 , 0.72 , 0.75 , 0.83 , 0.73 , 0.71 , 0.72 ,,,
220,Bryant, 0.48 , 0.46 , 0.45 , 0.50 , 0.47 , 0.49 , 0.19 , 0.17 , 0.12 , 0.18 , 0.20 , 0.18 , 0.29 , 0.24 , 0.24 , 0.28 , 0.30 , 0.25 , 0.63 , 0.54 , 0.31 , 0.57 , 0.69 , 0.71 ,,,
205,Bucknell, 0.48 , 0.48 , 0.44 , 0.49 , 0.48 , 0.53 , 0.20 , 0.17 , 0.21 , 0.20 , 0.19 , 0.17 , 0.24 , 0.19 , 0.15 , 0.22 , 0.26 , 0.24 , 0.74 , 0.77 , 0.82 , 0.75 , 0.73 , 0.75 ,,,
231,Buffalo, 0.47 , 0.52 , 0.43 , 0.52 , 0.46 , 0.53 , 0.17 , 0.18 , 0.20 , 0.20 , 0.15 , 0.16 , 0.31 , 0.28 , 0.28 , 0.27 , 0.32 , 0.31 , 0.66 , 0.61 , 0.63 , 0.46 , 0.73 , 0.68 ,,,
22,Butler, 0.56 , 0.58 , 0.62 , 0.56 , 0.56 , 0.52 , 0.15 , 0.18 , 0.15 , 0.13 , 0.20 , 0.16 , 0.29 , 0.22 , 0.10 , 0.28 , 0.32 , 0.23 , 0.73 , 0.76 , 0.77 , 0.71 , 0.79 , 0.74 ,,,
17,BYU, 0.57 , 0.66 , 0.68 , 0.52 , 0.58 , 0.53 , 0.18 , 0.15 , 0.10 , 0.16 , 0.18 , 0.15 , 0.17 , 0.14 , 0.08 , 0.13 , 0.19 , 0.22 , 0.74 , 0.81 , 0.85 , 0.71 , 0.76 , 0.73 ,,,
157,Cal Poly, 0.50 , 0.52 , 0.57 , 0.57 , 0.49 , 0.47 , 0.18 , 0.14 , 0.15 , 0.15 , 0.19 , 0.17 , 0.22 , 0.23 , 0.12 , 0.12 , 0.23 , 0.24 , 0.63 , 0.68 , 0.68 , 0.68 , 0.62 , 0.65 ,,,
188,Cal St Nrdge, 0.49 , 0.48 , 0.48 , 0.55 , 0.47 , 0.52 , 0.19 , 0.14 , 0.18 , 0.15 , 0.19 , 0.16 , 0.23 , 0.25 , 0.27 , 0.21 , 0.24 , 0.26 , 0.70 , 0.74 , 0.75 , 0.71 , 0.70 , 0.64 ,,,
115,California, 0.51 , 0.48 , 0.32 , 0.60 , 0.39 , 0.49 , 0.21 , 0.22 , 0.23 , 0.21 , 0.21 , 0.16 , 0.20 , 0.15 , 0.12 , 0.23 , 0.17 , 0.21 , 0.72 , 0.73 , 0.81 , 0.73 , 0.72 , 0.72 ,,,
185,California Baptist, 0.49 , 0.50 , 0.47 , 0.52 , 0.43 , 0.51 , 0.18 , 0.14 , 0.16 , 0.18 , 0.19 , 0.18 , 0.27 , 0.28 , 0.23 , 0.29 , 0.23 , 0.26 , 0.76 , 0.82 , 0.76 , 0.79 , 0.71 , 0.78 ,,,
123,Campbell, 0.51 , 0.48 , 0.46 , 0.51 , 0.51 , 0.53 , 0.18 , 0.20 , 0.12 , 0.15 , 0.18 , 0.15 , 0.22 , 0.15 , 0.10 , 0.15 , 0.23 , 0.23 , 0.82 , 0.80 , 0.78 , 0.78 , 0.83 , 0.75 ,,,
151,Canisius, 0.50 , 0.45 , 0.39 , 0.55 , 0.48 , 0.51 , 0.22 , 0.19 , 0.17 , 0.24 , 0.22 , 0.18 , 0.30 , 0.26 , 0.23 , 0.41 , 0.26 , 0.24 , 0.70 , 0.71 , 0.70 , 0.66 , 0.71 , 0.69 ,,,
298,Central Ark, 0.45 , 0.46 , 0.40 , 0.33 , 0.46 , 0.49 , 0.25 , 0.31 , 0.27 , 0.25 , 0.25 , 0.19 , 0.20 , 0.25 , 0.33 , 0.27 , 0.19 , 0.22 , 0.66 , 0.64 , 0.74 , 0.73 , 0.65 , 0.73 ,,,
341,Central Conn, 0.41 , 0.47 , 0.42 , 0.44 , 0.40 , 0.47 , 0.22 , 0.14 , 0.15 , 0.20 , 0.23 , 0.19 , 0.18 , 0.16 , 0.27 , 0.19 , 0.17 , 0.29 , 0.61 , 0.57 , 0.62 , 0.64 , 0.59 , 0.78 ,,,
143,Central FL, 0.50 , 0.57 , 0.57 , 0.52 , 0.48 , 0.53 , 0.19 , 0.17 , 0.19 , 0.20 , 0.18 , 0.17 , 0.34 , 0.28 , 0.13 , 0.31 , 0.37 , 0.28 , 0.68 , 0.71 , 0.70 , 0.66 , 0.71 , 0.65 ,,,
171,Central Mich, 0.49 , 0.51 , 0.59 , 0.54 , 0.40 , 0.51 , 0.14 , 0.15 , 0.12 , 0.13 , 0.17 , 0.16 , 0.31 , 0.30 , 0.28 , 0.36 , 0.23 , 0.28 , 0.76 , 0.81 , 0.83 , 0.76 , 0.77 , 0.67 ,,,
351,Charl South, 0.39 , 0.45 , 0.41 , 0.41 , 0.37 , 0.50 , 0.21 , 0.19 , 0.26 , 0.23 , 0.21 , 0.18 , 0.26 , 0.27 , 0.32 , 0.27 , 0.25 , 0.27 , 0.69 , 0.76 , 0.80 , 0.77 , 0.64 , 0.69 ,,,
55,Charlotte, 0.53 , 0.63 , 0.63 , 0.56 , 0.51 , 0.48 , 0.20 , 0.21 , 0.16 , 0.21 , 0.20 , 0.22 , 0.22 , 0.23 , 0.10 , 0.26 , 0.17 , 0.19 , 0.75 , 0.67 , 0.73 , 0.72 , 0.78 , 0.74 ,,,
196,Chattanooga, 0.49 , 0.54 , 0.53 , 0.52 , 0.48 , 0.52 , 0.19 , 0.17 , 0.11 , 0.18 , 0.19 , 0.19 , 0.24 , 0.21 , 0.18 , 0.32 , 0.22 , 0.22 , 0.64 , 0.67 , 0.63 , 0.58 , 0.67 , 0.68 ,,,
247,Chicago St, 0.47 , 0.53 , 0.53 , 0.54 , 0.46 , 0.44 , 0.27 , 0.26 , 0.24 , 0.20 , 0.28 , 0.22 , 0.18 , 0.19 , 0.23 , 0.20 , 0.18 , 0.19 , 0.73 , 0.88 , 0.88 , 0.71 , 0.73 , 0.69 ,,,
144,Cincinnati, 0.50 , 0.48 , 0.45 , 0.55 , 0.46 , 0.49 , 0.21 , 0.18 , 0.23 , 0.18 , 0.23 , 0.16 , 0.30 , 0.28 , 0.33 , 0.30 , 0.30 , 0.36 , 0.66 , 0.72 , 0.63 , 0.71 , 0.63 , 0.70 ,,,
83,Citadel, 0.52 , 0.48 , 0.56 , 0.55 , 0.50 , 0.52 , 0.20 , 0.15 , 0.12 , 0.19 , 0.21 , 0.17 , 0.22 , 0.23 , 0.15 , 0.20 , 0.23 , 0.23 , 0.69 , 0.76 , 0.67 , 0.63 , 0.76 , 0.74 ,,,
84,Clemson, 0.52 , 0.47 , 0.48 , 0.54 , 0.47 , 0.51 , 0.17 , 0.19 , 0.15 , 0.15 , 0.19 , 0.19 , 0.24 , 0.17 , 0.19 , 0.28 , 0.17 , 0.26 , 0.69 , 0.76 , 0.71 , 0.63 , 0.76 , 0.73 ,,,
345,Cleveland St, 0.40 , 0.46 , 0.47 , 0.41 , 0.40 , 0.52 , 0.24 , 0.21 , 0.26 , 0.18 , 0.27 , 0.18 , 0.26 , 0.27 , 0.26 , 0.26 , 0.27 , 0.24 , 0.71 , 0.67 , 0.60 , 0.73 , 0.70 , 0.68 ,,,
69,Coastal Car, 0.53 , 0.53 , 0.61 , 0.49 , 0.60 , 0.52 , 0.21 , 0.23 , 0.24 , 0.17 , 0.26 , 0.19 , 0.33 , 0.27 , 0.29 , 0.33 , 0.32 , 0.32 , 0.70 , 0.74 , 0.77 , 0.69 , 0.71 , 0.72 ,,,
195,Col Charlestn, 0.49 , 0.47 , 0.42 , 0.47 , 0.49 , 0.54 , 0.19 , 0.21 , 0.16 , 0.19 , 0.19 , 0.15 , 0.25 , 0.26 , 0.31 , 0.24 , 0.25 , 0.24 , 0.75 , 0.72 , 0.60 , 0.82 , 0.68 , 0.76 ,,,
74,Colgate, 0.53 , 0.60 , 0.57 , 0.53 , 0.52 , 0.56 , 0.18 , 0.16 , 0.15 , 0.15 , 0.18 , 0.19 , 0.25 , 0.22 , 0.23 , 0.22 , 0.26 , 0.29 , 0.82 , 0.82 , 0.79 , 0.83 , 0.82 , 0.74 ,,,
272,Colorado, 0.46 , 0.43 , 0.36 , 0.48 , 0.44 , 0.51 , 0.21 , 0.25 , 0.23 , 0.21 , 0.21 , 0.19 , 0.30 , 0.32 , 0.33 , 0.30 , 0.31 , 0.28 , 0.70 , 0.71 , 0.71 , 0.70 , 0.69 , 0.75 ,,,
66,Colorado St, 0.53 , 0.52 , 0.47 , 0.54 , 0.52 , 0.54 , 0.19 , 0.15 , 0.15 , 0.16 , 0.22 , 0.17 , 0.21 , 0.20 , 0.14 , 0.25 , 0.17 , 0.22 , 0.67 , 0.66 , 0.50 , 0.71 , 0.63 , 0.69 ,,,
217,Columbia, 0.48 , 0.51 , 0.45 , 0.55 , 0.46 , 0.52 , 0.17 , 0.14 , 0.15 , 0.17 , 0.17 , 0.18 , 0.19 , 0.15 , 0.17 , 0.20 , 0.19 , 0.22 , 0.66 , 0.66 , 0.65 , 0.59 , 0.69 , 0.69 ,,,
242,Connecticut, 0.47 , 0.52 , 0.53 , 0.46 , 0.49 , 0.51 , 0.16 , 0.15 , 0.22 , 0.15 , 0.17 , 0.18 , 0.31 , 0.35 , 0.47 , 0.32 , 0.31 , 0.30 , 0.74 , 0.70 , 0.60 , 0.73 , 0.77 , 0.68 ,,,
290,Coppin State, 0.45 , 0.53 , 0.59 , 0.47 , 0.45 , 0.45 , 0.18 , 0.14 , 0.14 , 0.20 , 0.17 , 0.23 , 0.21 , 0.18 , 0.08 , 0.24 , 0.20 , 0.24 , 0.67 , 0.66 , 0.81 , 0.66 , 0.67 , 0.67 ,,,
288,Cornell, 0.45 , 0.40 , 0.41 , 0.48 , 0.44 , 0.51 , 0.16 , 0.16 , 0.05 , 0.11 , 0.19 , 0.19 , 0.28 , 0.33 , 0.27 , 0.24 , 0.30 , 0.16 , 0.72 , 0.69 , 0.67 , 0.75 , 0.71 , 0.72 ,,,
33,Creighton, 0.55 , 0.57 , 0.63 , 0.57 , 0.50 , 0.56 , 0.16 , 0.17 , 0.18 , 0.16 , 0.18 , 0.18 , 0.24 , 0.24 , 0.16 , 0.22 , 0.29 , 0.22 , 0.67 , 0.73 , 0.80 , 0.72 , 0.55 , 0.68 ,,,
252,CS Bakersfld, 0.47 , 0.47 , 0.52 , 0.46 , 0.48 , 0.47 , 0.23 , 0.20 , 0.16 , 0.21 , 0.25 , 0.18 , 0.36 , 0.44 , 0.44 , 0.39 , 0.32 , 0.36 , 0.66 , 0.60 , 0.60 , 0.67 , 0.65 , 0.68 ,,,
322,CS Fullerton, 0.43 , 0.44 , 0.42 , 0.40 , 0.44 , 0.49 , 0.19 , 0.19 , 0.19 , 0.20 , 0.19 , 0.19 , 0.21 , 0.21 , 0.21 , 0.20 , 0.21 , 0.22 , 0.66 , 0.71 , 0.75 , 0.81 , 0.62 , 0.71 ,,,
164,Dartmouth, 0.49 , 0.54 , 0.41 , 0.44 , 0.50 , 0.52 , 0.22 , 0.23 , 0.32 , 0.20 , 0.22 , 0.17 , 0.20 , 0.14 , 0.19 , 0.20 , 0.20 , 0.21 , 0.62 , 0.67 , 0.80 , 0.54 , 0.63 , 0.71 ,,,
59,Davidson, 0.53 , 0.52 , 0.61 , 0.65 , 0.49 , 0.53 , 0.17 , 0.17 , 0.18 , 0.13 , 0.18 , 0.16 , 0.17 , 0.15 , 0.18 , 0.27 , 0.15 , 0.22 , 0.77 , 0.79 , 0.64 , 0.78 , 0.77 , 0.75 ,,,
1,Dayton, 0.63 , 0.65 , 0.66 , 0.64 , 0.63 , 0.56 , 0.17 , 0.18 , 0.17 , 0.15 , 0.19 , 0.18 , 0.28 , 0.22 , 0.33 , 0.34 , 0.19 , 0.25 , 0.69 , 0.64 , 0.57 , 0.66 , 0.73 , 0.69 ,,,
53,Delaware, 0.53 , 0.52 , 0.42 , 0.55 , 0.53 , 0.53 , 0.16 , 0.15 , 0.12 , 0.14 , 0.17 , 0.17 , 0.21 , 0.20 , 0.22 , 0.19 , 0.22 , 0.22 , 0.76 , 0.88 , 0.86 , 0.86 , 0.69 , 0.73 ,,,
275,Delaware St, 0.46 , 0.44 , 0.49 , 0.44 , 0.47 , 0.40 , 0.19 , 0.17 , 0.19 , 0.15 , 0.23 , 0.19 , 0.19 , 0.18 , 0.26 , 0.16 , 0.20 , 0.25 , 0.71 , 0.78 , 0.79 , 0.73 , 0.69 , 0.68 ,,,
264,Denver, 0.46 , 0.46 , 0.63 , 0.57 , 0.43 , 0.50 , 0.21 , 0.27 , 0.36 , 0.24 , 0.20 , 0.19 , 0.18 , 0.24 , 0.10 , 0.14 , 0.19 , 0.25 , 0.65 , 0.72 , 0.72 , 0.68 , 0.64 , 0.76 ,,,
63,DePaul, 0.53 , 0.49 , 0.44 , 0.52 , 0.55 , 0.53 , 0.17 , 0.17 , 0.17 , 0.19 , 0.13 , 0.18 , 0.34 , 0.36 , 0.29 , 0.32 , 0.37 , 0.30 , 0.62 , 0.63 , 0.56 , 0.58 , 0.67 , 0.73 ,,,
331,Detroit, 0.42 , 0.41 , 0.32 , 0.32 , 0.44 , 0.50 , 0.20 , 0.22 , 0.25 , 0.25 , 0.20 , 0.16 , 0.23 , 0.26 , 0.28 , 0.28 , 0.23 , 0.28 , 0.80 , 0.83 , 0.94 , 0.94 , 0.78 , 0.72 ,,,
111,Drake, 0.51 , 0.48 , 0.53 , 0.59 , 0.42 , 0.53 , 0.21 , 0.18 , 0.14 , 0.20 , 0.21 , 0.19 , 0.26 , 0.24 , 0.12 , 0.23 , 0.28 , 0.21 , 0.69 , 0.66 , 0.71 , 0.72 , 0.65 , 0.76 ,,,
106,Drexel, 0.52 , 0.52 , 0.37 , 0.56 , 0.46 , 0.51 , 0.24 , 0.23 , 0.21 , 0.22 , 0.27 , 0.16 , 0.28 , 0.29 , 0.34 , 0.29 , 0.26 , 0.26 , 0.71 , 0.69 , 0.75 , 0.71 , 0.70 , 0.75 ,,,
79,Duke, 0.52 , 0.58 , 0.53 , 0.54 , 0.50 , 0.54 , 0.19 , 0.17 , 0.11 , 0.19 , 0.18 , 0.17 , 0.35 , 0.25 , 0.25 , 0.36 , 0.35 , 0.35 , 0.69 , 0.78 , 1.00 , 0.65 , 0.73 , 0.69 ,,,
92,Duquesne, 0.52 , 0.55 , 0.51 , 0.50 , 0.54 , 0.50 , 0.17 , 0.17 , 0.20 , 0.19 , 0.16 , 0.19 , 0.30 , 0.30 , 0.36 , 0.32 , 0.26 , 0.30 , 0.78 , 0.74 , 0.87 , 0.82 , 0.73 , 0.69 ,,,
283,E Carolina, 0.46 , 0.45 , 0.42 , 0.47 , 0.45 , 0.46 , 0.17 , 0.12 , 0.13 , 0.15 , 0.17 , 0.19 , 0.31 , 0.31 , 0.33 , 0.32 , 0.30 , 0.26 , 0.73 , 0.73 , 0.61 , 0.58 , 0.80 , 0.68 ,,,
168,E Illinois, 0.49 , 0.53 , 0.68 , 0.61 , 0.45 , 0.50 , 0.19 , 0.20 , 0.27 , 0.20 , 0.18 , 0.19 , 0.30 , 0.39 , 0.50 , 0.39 , 0.26 , 0.28 , 0.70 , 0.73 , 0.74 , 0.78 , 0.65 , 0.69 ,,,
344,E Kentucky, 0.41 , 0.36 , 0.39 , 0.54 , 0.34 , 0.48 , 0.25 , 0.23 , 0.21 , 0.26 , 0.24 , 0.18 , 0.20 , 0.22 , 0.13 , 0.23 , 0.18 , 0.26 , 0.75 , 0.74 , 0.76 , 0.74 , 0.75 , 0.71 ,,,
152,E Michigan, 0.50 , 0.51 , 0.54 , 0.72 , 0.46 , 0.49 , 0.25 , 0.23 , 0.29 , 0.25 , 0.25 , 0.20 , 0.19 , 0.15 , 0.12 , 0.20 , 0.18 , 0.33 , 0.67 , 0.63 , 0.58 , 0.73 , 0.66 , 0.62 ,,,
19,E Tenn St, 0.56 , 0.58 , 0.53 , 0.54 , 0.58 , 0.55 , 0.20 , 0.21 , 0.22 , 0.18 , 0.22 , 0.20 , 0.34 , 0.35 , 0.27 , 0.32 , 0.36 , 0.36 , 0.69 , 0.78 , 0.82 , 0.68 , 0.69 , 0.66 ,,,
161,E Washingtn, 0.50 , 0.56 , 0.51 , 0.59 , 0.48 , 0.50 , 0.20 , 0.19 , 0.21 , 0.16 , 0.20 , 0.17 , 0.24 , 0.26 , 0.32 , 0.12 , 0.26 , 0.22 , 0.68 , 0.68 , 0.55 , 0.77 , 0.66 , 0.73 ,,,
318,Elon, 0.43 , 0.55 , 0.55 , 0.50 , 0.38 , 0.52 , 0.19 , 0.18 , 0.22 , 0.21 , 0.16 , 0.18 , 0.16 , 0.14 , 0.18 , 0.16 , 0.16 , 0.20 , 0.75 , 0.68 , 0.64 , 0.74 , 0.76 , 0.69 ,,,
48,Evansville, 0.54 , 0.60 , 0.76 , 0.59 , 0.50 , 0.49 , 0.18 , 0.17 , 0.19 , 0.20 , 0.16 , 0.18 , 0.17 , 0.25 , 0.36 , 0.17 , 0.18 , 0.17 , 0.76 , 0.73 , 0.70 , 0.77 , 0.76 , 0.72 ,,,
258,F Dickinson, 0.47 , 0.44 , 0.36 , 0.55 , 0.45 , 0.54 , 0.19 , 0.15 , 0.19 , 0.15 , 0.20 , 0.19 , 0.25 , 0.24 , 0.26 , 0.17 , 0.26 , 0.27 , 0.71 , 0.73 , 0.83 , 0.73 , 0.70 , 0.74 ,,,
227,Fairfield, 0.48 , 0.47 , 0.58 , 0.45 , 0.49 , 0.51 , 0.20 , 0.19 , 0.25 , 0.18 , 0.21 , 0.20 , 0.24 , 0.26 , 0.36 , 0.24 , 0.24 , 0.24 , 0.71 , 0.59 , 0.79 , 0.72 , 0.71 , 0.69 ,,,
277,Fla Atlantic, 0.46 , 0.46 , 0.43 , 0.49 , 0.42 , 0.48 , 0.21 , 0.21 , 0.23 , 0.20 , 0.21 , 0.20 , 0.31 , 0.28 , 0.31 , 0.31 , 0.31 , 0.28 , 0.64 , 0.68 , 0.71 , 0.69 , 0.56 , 0.76 ,,,
332,Fla Gulf Cst, 0.42 , 0.40 , 0.46 , 0.41 , 0.43 , 0.53 , 0.25 , 0.25 , 0.18 , 0.22 , 0.28 , 0.21 , 0.27 , 0.29 , 0.24 , 0.27 , 0.26 , 0.24 , 0.73 , 0.71 , 0.78 , 0.72 , 0.74 , 0.68 ,,,
183,Florida, 0.49 , 0.53 , 0.50 , 0.44 , 0.54 , 0.50 , 0.18 , 0.19 , 0.15 , 0.17 , 0.19 , 0.17 , 0.27 , 0.20 , 0.14 , 0.30 , 0.24 , 0.29 , 0.70 , 0.70 , 0.67 , 0.72 , 0.68 , 0.72 ,,,
349,Florida A&M, 0.39 , 0.38 , 0.38 , -- , 0.39 , 0.49 , 0.23 , 0.27 , 0.29 , -- , 0.23 , 0.24 , 0.22 , 0.23 , 0.17 , -- , 0.22 , 0.26 , 0.60 , 0.62 , 0.56 , -- , 0.60 , 0.60 ,,,
52,Florida Intl, 0.54 , 0.48 , 0.51 , 0.47 , 0.56 , 0.49 , 0.21 , 0.19 , 0.20 , 0.19 , 0.22 , 0.17 , 0.29 , 0.28 , 0.34 , 0.25 , 0.31 , 0.24 , 0.66 , 0.62 , 0.61 , 0.63 , 0.66 , 0.65 ,,,
116,Florida St, 0.51 , 0.43 , 0.54 , 0.60 , 0.43 , 0.51 , 0.19 , 0.18 , 0.20 , 0.20 , 0.18 , 0.19 , 0.32 , 0.23 , 0.23 , 0.42 , 0.25 , 0.32 , 0.75 , 0.63 , 0.44 , 0.82 , 0.69 , 0.74 ,,,
278,Fordham, 0.46 , 0.45 , 0.36 , 0.43 , 0.49 , 0.47 , 0.19 , 0.18 , 0.17 , 0.20 , 0.17 , 0.16 , 0.28 , 0.23 , 0.24 , 0.32 , 0.22 , 0.23 , 0.59 , 0.62 , 0.53 , 0.57 , 0.66 , 0.69 ,,,
198,Fresno St, 0.48 , 0.49 , 0.42 , 0.54 , 0.46 , 0.55 , 0.18 , 0.12 , 0.13 , 0.17 , 0.18 , 0.18 , 0.25 , 0.21 , 0.18 , 0.26 , 0.24 , 0.26 , 0.71 , 0.73 , 0.87 , 0.75 , 0.69 , 0.72 ,,,
50,Furman, 0.54 , 0.49 , 0.57 , 0.63 , 0.53 , 0.55 , 0.16 , 0.20 , 0.19 , 0.13 , 0.17 , 0.18 , 0.23 , 0.16 , 0.13 , 0.18 , 0.23 , 0.27 , 0.75 , 0.68 , 0.69 , 0.71 , 0.77 , 0.72 ,,,
142,GA Southern, 0.50 , 0.42 , 0.48 , 0.61 , 0.46 , 0.54 , 0.17 , 0.17 , 0.19 , 0.14 , 0.18 , 0.18 , 0.23 , 0.32 , 0.32 , 0.18 , 0.25 , 0.26 , 0.72 , 0.74 , 0.70 , 0.68 , 0.73 , 0.70 ,,,
182,GA Tech, 0.49 , 0.48 , 0.44 , 0.47 , 0.55 , 0.49 , 0.22 , 0.21 , 0.24 , 0.23 , 0.21 , 0.20 , 0.25 , 0.30 , 0.27 , 0.26 , 0.23 , 0.23 , 0.59 , 0.49 , 0.39 , 0.57 , 0.62 , 0.69 ,,,
166,Gard-Webb, 0.49 , 0.56 , 0.49 , 0.47 , 0.50 , 0.55 , 0.19 , 0.15 , 0.10 , 0.24 , 0.18 , 0.17 , 0.22 , 0.25 , 0.24 , 0.32 , 0.21 , 0.20 , 0.69 , 0.65 , 0.70 , 0.64 , 0.70 , 0.72 ,,,
193,Geo Mason, 0.49 , 0.49 , 0.45 , 0.48 , 0.51 , 0.50 , 0.18 , 0.17 , 0.12 , 0.16 , 0.22 , 0.18 , 0.32 , 0.26 , 0.16 , 0.33 , 0.32 , 0.26 , 0.71 , 0.75 , 0.76 , 0.70 , 0.72 , 0.72 ,,,
209,Geo Wshgtn, 0.48 , 0.44 , 0.50 , 0.47 , 0.49 , 0.46 , 0.18 , 0.16 , 0.20 , 0.19 , 0.18 , 0.18 , 0.24 , 0.28 , 0.33 , 0.28 , 0.19 , 0.22 , 0.76 , 0.80 , 0.83 , 0.75 , 0.76 , 0.69 ,,,
94,Georgetown, 0.52 , 0.54 , 0.67 , 0.47 , 0.58 , 0.51 , 0.22 , 0.22 , 0.18 , 0.22 , 0.22 , 0.18 , 0.35 , 0.35 , 0.32 , 0.36 , 0.33 , 0.27 , 0.77 , 0.84 , 0.90 , 0.77 , 0.79 , 0.74 ,,,
41,Georgia, 0.54 , 0.55 , 0.59 , 0.55 , 0.52 , 0.50 , 0.18 , 0.23 , 0.22 , 0.16 , 0.24 , 0.22 , 0.34 , 0.39 , 0.67 , 0.37 , 0.25 , 0.30 , 0.68 , 0.73 , 0.75 , 0.67 , 0.72 , 0.71 ,,,
125,Georgia St, 0.51 , 0.56 , 0.55 , 0.56 , 0.49 , 0.54 , 0.19 , 0.18 , 0.17 , 0.18 , 0.19 , 0.16 , 0.28 , 0.23 , 0.14 , 0.27 , 0.28 , 0.22 , 0.70 , 0.68 , 0.71 , 0.65 , 0.71 , 0.66 ,,,
14,Gonzaga, 0.57 , 0.51 , 0.59 , 0.59 , 0.53 , 0.59 , 0.16 , 0.17 , 0.14 , 0.13 , 0.20 , 0.15 , 0.35 , 0.34 , 0.40 , 0.34 , 0.35 , 0.30 , 0.65 , 0.63 , 0.56 , 0.65 , 0.66 , 0.76 ,,,
221,Grambling St, 0.48 , 0.50 , 0.44 , -- , 0.48 , 0.50 , 0.21 , 0.24 , 0.19 , -- , 0.21 , 0.22 , 0.23 , 0.19 , 0.18 , -- , 0.23 , 0.24 , 0.68 , 0.74 , 0.74 , -- , 0.68 , 0.69 ,,,
178,Grd Canyon, 0.49 , 0.49 , 0.53 , 0.49 , 0.49 , 0.51 , 0.18 , 0.18 , 0.15 , 0.15 , 0.22 , 0.17 , 0.22 , 0.25 , 0.19 , 0.22 , 0.22 , 0.27 , 0.75 , 0.75 , 0.75 , 0.72 , 0.79 , 0.73 ,,,
225,Hampton, 0.48 , 0.53 , 0.52 , 0.53 , 0.44 , 0.49 , 0.18 , 0.20 , 0.27 , 0.20 , 0.16 , 0.14 , 0.25 , 0.30 , 0.32 , 0.30 , 0.22 , 0.25 , 0.66 , 0.62 , 0.70 , 0.62 , 0.69 , 0.80 ,,,
165,Hartford, 0.49 , 0.50 , 0.59 , 0.50 , 0.49 , 0.54 , 0.22 , 0.23 , 0.23 , 0.23 , 0.22 , 0.17 , 0.15 , 0.14 , 0.07 , 0.17 , 0.14 , 0.23 , 0.70 , 0.77 , 0.90 , 0.73 , 0.66 , 0.74 ,,,
130,Harvard, 0.51 , 0.54 , 0.66 , 0.57 , 0.48 , 0.53 , 0.20 , 0.21 , 0.27 , 0.25 , 0.18 , 0.22 , 0.30 , 0.27 , 0.55 , 0.33 , 0.29 , 0.28 , 0.74 , 0.69 , 0.85 , 0.73 , 0.75 , 0.72 ,,,
70,Hawaii, 0.53 , 0.57 , 0.49 , 0.56 , 0.44 , 0.52 , 0.19 , 0.22 , 0.19 , 0.20 , 0.16 , 0.17 , 0.24 , 0.26 , 0.23 , 0.27 , 0.16 , 0.25 , 0.77 , 0.79 , 0.67 , 0.78 , 0.67 , 0.70 ,,,
348,High Point, 0.39 , 0.43 , 0.44 , 0.37 , 0.41 , 0.49 , 0.23 , 0.20 , 0.16 , 0.17 , 0.26 , 0.20 , 0.29 , 0.39 , 0.34 , 0.36 , 0.24 , 0.33 , 0.74 , 0.77 , 0.73 , 0.76 , 0.71 , 0.69 ,,,
214,Hofstra, 0.48 , 0.41 , 0.30 , 0.54 , 0.46 , 0.56 , 0.17 , 0.22 , 0.21 , 0.13 , 0.18 , 0.14 , 0.26 , 0.33 , 0.32 , 0.18 , 0.28 , 0.26 , 0.78 , 0.79 , 0.50 , 0.76 , 0.78 , 0.81 ,,,
137,Holy Cross, 0.50 , 0.52 , 0.41 , 0.45 , 0.53 , 0.53 , 0.21 , 0.24 , 0.27 , 0.20 , 0.21 , 0.16 , 0.24 , 0.28 , 0.31 , 0.26 , 0.22 , 0.19 , 0.64 , 0.56 , 0.31 , 0.64 , 0.64 , 0.67 ,,,
76,Houston, 0.52 , 0.49 , 0.41 , 0.53 , 0.51 , 0.52 , 0.15 , 0.13 , 0.17 , 0.15 , 0.15 , 0.16 , 0.41 , 0.44 , 0.39 , 0.41 , 0.42 , 0.33 , 0.73 , 0.79 , 0.78 , 0.74 , 0.70 , 0.70 ,,,
260,Houston Bap, 0.46 , 0.50 , 0.60 , 0.60 , 0.44 , 0.50 , 0.20 , 0.19 , 0.15 , 0.15 , 0.20 , 0.19 , 0.26 , 0.27 , 0.29 , 0.29 , 0.26 , 0.31 , 0.67 , 0.63 , 0.50 , 0.50 , 0.69 , 0.67 ,,,
263,Howard, 0.46 , 0.51 , 0.52 , 0.48 , 0.46 , 0.49 , 0.19 , 0.19 , 0.14 , 0.23 , 0.18 , 0.17 , 0.20 , 0.13 , 0.15 , 0.10 , 0.22 , 0.28 , 0.66 , 0.73 , 0.83 , 0.54 , 0.67 , 0.73 ,,,
281,Idaho, 0.46 , 0.43 , 0.45 , 0.43 , 0.47 , 0.50 , 0.20 , 0.22 , 0.22 , 0.21 , 0.19 , 0.20 , 0.21 , 0.16 , 0.13 , 0.14 , 0.24 , 0.22 , 0.67 , 0.65 , 0.53 , 0.66 , 0.67 , 0.73 ,,,
223,Idaho State, 0.48 , 0.47 , 0.47 , -- , 0.48 , 0.52 , 0.25 , 0.28 , 0.25 , -- , 0.25 , 0.17 , 0.27 , 0.29 , 0.19 , -- , 0.27 , 0.24 , 0.65 , 0.67 , 0.63 , -- , 0.65 , 0.73 ,,,
204,IL-Chicago, 0.48 , 0.56 , 0.60 , 0.49 , 0.47 , 0.53 , 0.23 , 0.22 , 0.29 , 0.23 , 0.23 , 0.20 , 0.21 , 0.20 , 0.29 , 0.22 , 0.20 , 0.23 , 0.66 , 0.76 , 0.60 , 0.62 , 0.71 , 0.69 ,,,
72,Illinois, 0.53 , 0.58 , 0.42 , 0.55 , 0.47 , 0.50 , 0.21 , 0.16 , 0.19 , 0.20 , 0.23 , 0.18 , 0.41 , 0.35 , 0.24 , 0.47 , 0.32 , 0.27 , 0.71 , 0.76 , 0.69 , 0.72 , 0.70 , 0.70 ,,,
96,Illinois St, 0.52 , 0.49 , 0.41 , 0.52 , 0.52 , 0.49 , 0.19 , 0.18 , 0.13 , 0.18 , 0.20 , 0.18 , 0.28 , 0.19 , 0.19 , 0.26 , 0.31 , 0.24 , 0.62 , 0.61 , 0.61 , 0.63 , 0.60 , 0.72 ,,,
338,Incar Word, 0.42 , 0.46 , 0.43 , 0.45 , 0.39 , 0.52 , 0.22 , 0.22 , 0.12 , 0.27 , 0.19 , 0.24 , 0.23 , 0.25 , 0.11 , 0.26 , 0.21 , 0.20 , 0.66 , 0.67 , 0.63 , 0.70 , 0.64 , 0.81 ,,,
24,Indiana, 0.56 , 0.52 , 0.47 , 0.57 , 0.47 , 0.51 , 0.19 , 0.24 , 0.19 , 0.19 , 0.19 , 0.17 , 0.37 , 0.38 , 0.33 , 0.38 , 0.33 , 0.26 , 0.70 , 0.60 , 0.65 , 0.71 , 0.65 , 0.66 ,,,
43,Indiana St, 0.54 , 0.58 , 0.55 , 0.50 , 0.55 , 0.49 , 0.17 , 0.18 , 0.25 , 0.07 , 0.19 , 0.18 , 0.21 , 0.23 , 0.35 , 0.15 , 0.22 , 0.21 , 0.74 , 0.78 , 0.88 , 0.75 , 0.73 , 0.73 ,,,
287,Iona, 0.45 , 0.48 , 0.44 , 0.49 , 0.44 , 0.53 , 0.22 , 0.22 , 0.21 , 0.24 , 0.22 , 0.17 , 0.31 , 0.34 , 0.27 , 0.21 , 0.33 , 0.23 , 0.72 , 0.67 , 0.77 , 0.89 , 0.68 , 0.75 ,,,
110,Iowa, 0.51 , 0.50 , 0.49 , 0.52 , 0.50 , 0.53 , 0.13 , 0.16 , 0.09 , 0.10 , 0.16 , 0.17 , 0.32 , 0.35 , 0.36 , 0.34 , 0.29 , 0.28 , 0.73 , 0.79 , 0.75 , 0.70 , 0.79 , 0.74 ,,,
61,Iowa State, 0.53 , 0.57 , 0.55 , 0.53 , 0.53 , 0.55 , 0.14 , 0.17 , 0.21 , 0.14 , 0.14 , 0.16 , 0.26 , 0.24 , 0.29 , 0.29 , 0.24 , 0.27 , 0.72 , 0.77 , 0.85 , 0.74 , 0.69 , 0.73 ,,,
58,IPFW, 0.53 , 0.53 , 0.41 , 0.59 , 0.49 , 0.56 , 0.21 , 0.20 , 0.15 , 0.23 , 0.19 , 0.17 , 0.25 , 0.27 , 0.21 , 0.33 , 0.20 , 0.22 , 0.67 , 0.64 , 1.00 , 0.63 , 0.71 , 0.70 ,,,
262,IUPUI, 0.46 , 0.39 , 0.34 , 0.44 , 0.47 , 0.50 , 0.21 , 0.17 , 0.22 , 0.10 , 0.22 , 0.19 , 0.27 , 0.25 , 0.37 , 0.20 , 0.27 , 0.32 , 0.57 , 0.51 , 0.58 , 0.54 , 0.58 , 0.70 ,,,
323,Jackson St, 0.43 , 0.41 , 0.41 , -- , 0.43 , 0.45 , 0.17 , 0.19 , 0.16 , -- , 0.17 , 0.20 , 0.23 , 0.15 , 0.14 , -- , 0.23 , 0.27 , 0.68 , 0.59 , 0.44 , -- , 0.68 , 0.64 ,,,
240,Jacksonville, 0.47 , 0.44 , 0.53 , 0.53 , 0.45 , 0.50 , 0.21 , 0.19 , 0.22 , 0.20 , 0.21 , 0.20 , 0.24 , 0.27 , 0.32 , 0.25 , 0.24 , 0.27 , 0.65 , 0.70 , 0.83 , 0.74 , 0.62 , 0.67 ,,,
174,James Mad, 0.49 , 0.54 , 0.51 , 0.54 , 0.45 , 0.50 , 0.18 , 0.17 , 0.17 , 0.17 , 0.20 , 0.18 , 0.21 , 0.23 , 0.25 , 0.19 , 0.22 , 0.28 , 0.63 , 0.68 , 0.46 , 0.68 , 0.56 , 0.72 ,,,
302,Jksnville St, 0.45 , 0.45 , 0.45 , -- , 0.45 , 0.51 , 0.22 , 0.20 , 0.25 , -- , 0.22 , 0.18 , 0.28 , 0.28 , 0.27 , -- , 0.28 , 0.31 , 0.62 , 0.46 , 0.33 , -- , 0.62 , 0.75 ,,,
12,Kansas, 0.57 , 0.56 , 0.59 , 0.59 , 0.54 , 0.53 , 0.20 , 0.20 , 0.29 , 0.18 , 0.22 , 0.18 , 0.28 , 0.26 , 0.32 , 0.29 , 0.27 , 0.29 , 0.67 , 0.66 , 0.63 , 0.69 , 0.65 , 0.71 ,,,
251,Kansas St, 0.47 , 0.47 , 0.38 , 0.48 , 0.44 , 0.49 , 0.20 , 0.21 , 0.14 , 0.18 , 0.23 , 0.17 , 0.29 , 0.34 , 0.33 , 0.28 , 0.30 , 0.27 , 0.63 , 0.65 , 0.60 , 0.64 , 0.59 , 0.67 ,,,
353,Kennesaw St, 0.37 , 0.41 , 0.47 , 0.47 , 0.36 , 0.41 , 0.25 , 0.26 , 0.22 , 0.22 , 0.26 , 0.19 , 0.32 , 0.42 , 0.49 , 0.49 , 0.29 , 0.26 , 0.66 , 0.65 , 0.64 , 0.64 , 0.67 , 0.69 ,,,
95,Kent State, 0.52 , 0.56 , 0.57 , 0.55 , 0.48 , 0.50 , 0.16 , 0.14 , 0.11 , 0.15 , 0.17 , 0.16 , 0.29 , 0.36 , 0.21 , 0.32 , 0.25 , 0.32 , 0.75 , 0.81 , 0.75 , 0.77 , 0.73 , 0.73 ,,,
105,Kentucky, 0.52 , 0.55 , 0.53 , 0.53 , 0.44 , 0.53 , 0.17 , 0.16 , 0.13 , 0.18 , 0.15 , 0.18 , 0.31 , 0.35 , 0.42 , 0.33 , 0.18 , 0.35 , 0.80 , 0.78 , 0.90 , 0.80 , 0.78 , 0.74 ,,,
172,LA Lafayette, 0.49 , 0.51 , 0.51 , 0.54 , 0.46 , 0.51 , 0.20 , 0.20 , 0.27 , 0.19 , 0.21 , 0.17 , 0.25 , 0.27 , 0.19 , 0.35 , 0.21 , 0.28 , 0.72 , 0.75 , 0.75 , 0.80 , 0.65 , 0.74 ,,,
199,LA Monroe, 0.48 , 0.46 , 0.48 , 0.52 , 0.45 , 0.54 , 0.21 , 0.22 , 0.10 , 0.15 , 0.28 , 0.16 , 0.26 , 0.28 , 0.22 , 0.21 , 0.30 , 0.26 , 0.63 , 0.64 , 0.82 , 0.70 , 0.41 , 0.79 ,,,
109,La Salle, 0.51 , 0.52 , 0.53 , 0.47 , 0.53 , 0.47 , 0.22 , 0.21 , 0.22 , 0.23 , 0.21 , 0.20 , 0.25 , 0.26 , 0.33 , 0.33 , 0.21 , 0.26 , 0.65 , 0.73 , 0.60 , 0.52 , 0.68 , 0.77 ,,,
80,LA Tech, 0.52 , 0.54 , 0.57 , 0.48 , 0.56 , 0.50 , 0.16 , 0.20 , 0.16 , 0.14 , 0.18 , 0.17 , 0.30 , 0.29 , 0.40 , 0.31 , 0.29 , 0.28 , 0.66 , 0.71 , 0.63 , 0.72 , 0.60 , 0.66 ,,,
2,Lafayette, 0.60 , 0.59 , 0.52 , 0.61 , 0.58 , 0.53 , 0.19 , 0.16 , 0.22 , 0.21 , 0.17 , 0.18 , 0.22 , 0.25 , 0.23 , 0.27 , 0.18 , 0.20 , 0.76 , 0.75 , 0.65 , 0.79 , 0.73 , 0.75 ,,,
303,Lamar, 0.45 , 0.43 , 0.51 , 0.55 , 0.41 , 0.49 , 0.20 , 0.21 , 0.22 , 0.20 , 0.20 , 0.19 , 0.27 , 0.33 , 0.28 , 0.25 , 0.28 , 0.35 , 0.64 , 0.63 , 0.75 , 0.68 , 0.63 , 0.69 ,,,
150,Lehigh, 0.50 , 0.51 , 0.52 , 0.49 , 0.50 , 0.56 , 0.22 , 0.22 , 0.26 , 0.24 , 0.21 , 0.18 , 0.20 , 0.21 , 0.19 , 0.23 , 0.19 , 0.21 , 0.71 , 0.68 , 0.80 , 0.74 , 0.70 , 0.77 ,,,
181,Lg Beach St, 0.49 , 0.48 , 0.34 , 0.43 , 0.51 , 0.48 , 0.23 , 0.22 , 0.24 , 0.22 , 0.23 , 0.19 , 0.24 , 0.29 , 0.33 , 0.29 , 0.23 , 0.27 , 0.64 , 0.70 , 0.64 , 0.70 , 0.63 , 0.70 ,,,
45,Liberty, 0.54 , 0.55 , 0.48 , 0.52 , 0.56 , 0.56 , 0.16 , 0.16 , 0.16 , 0.15 , 0.16 , 0.17 , 0.24 , 0.21 , 0.23 , 0.23 , 0.25 , 0.23 , 0.71 , 0.73 , 0.90 , 0.66 , 0.73 , 0.78 ,,,
216,Lipscomb, 0.48 , 0.51 , 0.50 , 0.43 , 0.50 , 0.55 , 0.21 , 0.19 , 0.19 , 0.20 , 0.21 , 0.18 , 0.24 , 0.28 , 0.22 , 0.30 , 0.22 , 0.24 , 0.68 , 0.73 , 0.86 , 0.68 , 0.68 , 0.76 ,,,
44,LIU, 0.54 , 0.60 , 0.56 , 0.50 , 0.55 , -- , 0.17 , 0.11 , 0.12 , 0.19 , 0.17 , -- , 0.15 , 0.11 , 0.12 , 0.20 , 0.14 , -- , 0.71 , 0.74 , 0.56 , 0.67 , 0.71 , -- ,,,
265,Longwood, 0.46 , 0.40 , 0.44 , 0.63 , 0.41 , 0.52 , 0.17 , 0.19 , 0.23 , 0.16 , 0.17 , 0.20 , 0.20 , 0.17 , 0.20 , 0.28 , 0.19 , 0.23 , 0.68 , 0.66 , 0.78 , 0.73 , 0.66 , 0.74 ,,,
9,Louisville, 0.57 , 0.49 , 0.58 , 0.57 , 0.57 , 0.51 , 0.17 , 0.18 , 0.22 , 0.17 , 0.20 , 0.17 , 0.33 , 0.31 , 0.30 , 0.31 , 0.39 , 0.27 , 0.73 , 0.73 , 0.70 , 0.71 , 0.82 , 0.78 ,,,
21,Loyola Mymt, 0.56 , 0.62 , 0.78 , 0.61 , 0.54 , 0.50 , 0.21 , 0.24 , 0.24 , 0.24 , 0.20 , 0.19 , 0.24 , 0.24 , 0.11 , 0.26 , 0.23 , 0.27 , 0.57 , 0.52 , 0.50 , 0.55 , 0.59 , 0.75 ,,,
18,Loyola-Chi, 0.56 , 0.53 , 0.52 , 0.59 , 0.54 , 0.55 , 0.21 , 0.21 , 0.15 , 0.17 , 0.25 , 0.19 , 0.17 , 0.15 , 0.07 , 0.18 , 0.16 , 0.18 , 0.74 , 0.78 , 0.74 , 0.73 , 0.74 , 0.67 ,,,
65,Loyola-MD, 0.53 , 0.53 , 0.47 , 0.59 , 0.51 , 0.52 , 0.17 , 0.14 , 0.08 , 0.16 , 0.17 , 0.19 , 0.20 , 0.24 , 0.21 , 0.15 , 0.21 , 0.24 , 0.62 , 0.69 , 0.72 , 0.62 , 0.62 , 0.71 ,,,
16,LSU, 0.57 , 0.59 , 0.59 , 0.55 , 0.58 , 0.51 , 0.21 , 0.13 , 0.14 , 0.20 , 0.23 , 0.18 , 0.33 , 0.30 , 0.29 , 0.33 , 0.33 , 0.36 , 0.75 , 0.78 , 0.81 , 0.74 , 0.78 , 0.75 ,,,
234,Maine, 0.47 , 0.51 , 0.55 , 0.62 , 0.45 , 0.49 , 0.27 , 0.30 , 0.22 , 0.19 , 0.28 , 0.22 , 0.27 , 0.29 , 0.29 , 0.43 , 0.26 , 0.24 , 0.67 , 0.63 , 0.50 , 0.82 , 0.62 , 0.64 ,,,
320,Manhattan, 0.43 , 0.41 , 0.40 , 0.45 , 0.43 , 0.47 , 0.20 , 0.23 , 0.26 , 0.17 , 0.21 , 0.24 , 0.27 , 0.28 , 0.28 , 0.28 , 0.27 , 0.28 , 0.66 , 0.56 , 0.57 , 0.71 , 0.63 , 0.58 ,,,
336,Marist, 0.42 , 0.47 , 0.43 , 0.45 , 0.39 , 0.52 , 0.18 , 0.18 , 0.24 , 0.16 , 0.20 , 0.19 , 0.23 , 0.18 , 0.15 , 0.26 , 0.19 , 0.23 , 0.58 , 0.61 , 0.75 , 0.53 , 0.64 , 0.69 ,,,
121,Marquette, 0.51 , 0.50 , 0.53 , 0.51 , 0.51 , 0.54 , 0.21 , 0.21 , 0.25 , 0.22 , 0.20 , 0.19 , 0.27 , 0.29 , 0.31 , 0.31 , 0.23 , 0.27 , 0.72 , 0.65 , 0.69 , 0.73 , 0.71 , 0.76 ,,,
190,Marshall, 0.49 , 0.53 , 0.50 , 0.50 , 0.45 , 0.52 , 0.21 , 0.18 , 0.19 , 0.21 , 0.18 , 0.16 , 0.25 , 0.20 , 0.13 , 0.28 , 0.20 , 0.21 , 0.61 , 0.64 , 0.75 , 0.61 , 0.62 , 0.72 ,,,
154,Maryland, 0.50 , 0.47 , 0.40 , 0.49 , 0.51 , 0.51 , 0.16 , 0.13 , 0.16 , 0.15 , 0.18 , 0.19 , 0.33 , 0.30 , 0.30 , 0.33 , 0.34 , 0.32 , 0.70 , 0.76 , 0.82 , 0.71 , 0.70 , 0.74 ,,,
276,Maryland BC, 0.46 , 0.50 , 0.45 , 0.54 , 0.42 , 0.48 , 0.21 , 0.21 , 0.22 , 0.17 , 0.23 , 0.18 , 0.27 , 0.27 , 0.26 , 0.27 , 0.27 , 0.22 , 0.57 , 0.60 , 0.60 , 0.62 , 0.55 , 0.70 ,,,
343,Maryland ES, 0.41 , 0.36 , 0.31 , 0.35 , 0.42 , 0.44 , 0.23 , 0.19 , 0.20 , 0.28 , 0.23 , 0.20 , 0.20 , 0.19 , 0.20 , 0.20 , 0.20 , 0.21 , 0.58 , 0.59 , 0.64 , 0.75 , 0.56 , 0.69 ,,,
124,Mass Lowell, 0.51 , 0.56 , 0.65 , 0.54 , 0.44 , 0.54 , 0.19 , 0.16 , 0.16 , 0.19 , 0.19 , 0.19 , 0.29 , 0.30 , 0.29 , 0.27 , 0.32 , 0.24 , 0.71 , 0.76 , 0.89 , 0.74 , 0.64 , 0.72 ,,,
51,McNeese St, 0.54 , 0.55 , 0.60 , -- , 0.54 , 0.50 , 0.25 , 0.25 , 0.24 , -- , 0.25 , 0.21 , 0.23 , 0.22 , 0.17 , -- , 0.23 , 0.28 , 0.71 , 0.81 , 0.85 , -- , 0.71 , 0.72 ,,,
82,Memphis, 0.52 , 0.47 , 0.43 , 0.55 , 0.47 , 0.51 , 0.19 , 0.19 , 0.23 , 0.19 , 0.20 , 0.19 , 0.34 , 0.32 , 0.37 , 0.32 , 0.38 , 0.31 , 0.69 , 0.76 , 0.71 , 0.66 , 0.77 , 0.71 ,,,
201,Mercer, 0.48 , 0.45 , 0.40 , 0.47 , 0.49 , 0.51 , 0.21 , 0.20 , 0.25 , 0.23 , 0.20 , 0.19 , 0.31 , 0.32 , 0.41 , 0.34 , 0.30 , 0.27 , 0.69 , 0.66 , 0.70 , 0.80 , 0.63 , 0.69 ,,,
308,Merrimack, 0.44 , 0.42 , 0.43 , -- , 0.44 , -- , 0.18 , 0.19 , 0.21 , -- , 0.18 , -- , 0.19 , 0.18 , 0.14 , -- , 0.19 , -- , 0.69 , 0.63 , 0.67 , -- , 0.69 , -- ,,,
87,Miami (FL), 0.52 , 0.56 , 0.69 , 0.50 , 0.54 , 0.51 , 0.14 , 0.19 , 0.16 , 0.12 , 0.16 , 0.17 , 0.22 , 0.16 , 0.15 , 0.25 , 0.19 , 0.24 , 0.66 , 0.50 , 0.54 , 0.62 , 0.68 , 0.74 ,,,
135,Miami (OH), 0.51 , 0.45 , 0.58 , 0.49 , 0.52 , 0.49 , 0.17 , 0.16 , 0.10 , 0.18 , 0.17 , 0.18 , 0.24 , 0.25 , 0.14 , 0.27 , 0.22 , 0.28 , 0.75 , 0.77 , 0.93 , 0.76 , 0.75 , 0.71 ,,,
5,Michigan, 0.58 , 0.52 , 0.64 , 0.61 , 0.55 , 0.52 , 0.18 , 0.14 , 0.12 , 0.16 , 0.20 , 0.14 , 0.25 , 0.26 , 0.44 , 0.29 , 0.19 , 0.22 , 0.72 , 0.76 , 0.85 , 0.76 , 0.65 , 0.70 ,,,
77,Michigan St, 0.52 , 0.53 , 0.48 , 0.55 , 0.51 , 0.55 , 0.16 , 0.15 , 0.18 , 0.13 , 0.18 , 0.18 , 0.34 , 0.27 , 0.27 , 0.39 , 0.30 , 0.33 , 0.74 , 0.76 , 0.65 , 0.74 , 0.74 , 0.75 ,,,
261,Middle Tenn, 0.46 , 0.39 , 0.37 , 0.39 , 0.48 , 0.47 , 0.21 , 0.19 , 0.21 , 0.16 , 0.22 , 0.22 , 0.23 , 0.24 , 0.26 , 0.22 , 0.23 , 0.30 , 0.68 , 0.69 , 0.50 , 0.71 , 0.67 , 0.67 ,,,
98,Minnesota, 0.52 , 0.53 , 0.62 , 0.57 , 0.43 , 0.48 , 0.18 , 0.16 , 0.12 , 0.19 , 0.17 , 0.17 , 0.26 , 0.27 , 0.09 , 0.26 , 0.25 , 0.29 , 0.63 , 0.67 , 0.74 , 0.67 , 0.56 , 0.68 ,,,
23,Miss State, 0.56 , 0.55 , 0.58 , 0.54 , 0.59 , 0.55 , 0.24 , 0.17 , 0.21 , 0.25 , 0.22 , 0.19 , 0.39 , 0.31 , 0.38 , 0.42 , 0.33 , 0.33 , 0.67 , 0.67 , 0.50 , 0.62 , 0.76 , 0.72 ,,,
347,Miss Val St, 0.40 , 0.40 , 0.48 , -- , 0.40 , 0.42 , 0.20 , 0.20 , 0.24 , -- , 0.20 , 0.18 , 0.19 , 0.22 , 0.10 , -- , 0.19 , 0.25 , 0.56 , 0.41 , 0.43 , -- , 0.56 , 0.66 ,,,
176,Mississippi, 0.49 , 0.45 , 0.66 , 0.54 , 0.41 , 0.53 , 0.20 , 0.19 , 0.10 , 0.19 , 0.22 , 0.18 , 0.26 , 0.19 , 0.17 , 0.26 , 0.26 , 0.28 , 0.70 , 0.60 , 0.67 , 0.69 , 0.72 , 0.78 ,,,
218,Missouri, 0.48 , 0.46 , 0.46 , 0.49 , 0.46 , 0.51 , 0.21 , 0.22 , 0.19 , 0.20 , 0.22 , 0.21 , 0.28 , 0.28 , 0.24 , 0.35 , 0.19 , 0.30 , 0.74 , 0.71 , 0.64 , 0.78 , 0.69 , 0.70 ,,,
186,Missouri St, 0.49 , 0.52 , 0.57 , 0.50 , 0.48 , 0.51 , 0.22 , 0.21 , 0.21 , 0.21 , 0.22 , 0.18 , 0.35 , 0.29 , 0.31 , 0.33 , 0.38 , 0.24 , 0.72 , 0.68 , 0.69 , 0.73 , 0.70 , 0.69 ,,,
250,Monmouth, 0.47 , 0.53 , 0.55 , 0.56 , 0.44 , 0.46 , 0.20 , 0.16 , 0.17 , 0.15 , 0.21 , 0.20 , 0.21 , 0.15 , 0.14 , 0.19 , 0.21 , 0.27 , 0.73 , 0.66 , 0.73 , 0.69 , 0.75 , 0.69 ,,,
230,Montana, 0.47 , 0.50 , 0.51 , 0.52 , 0.44 , 0.56 , 0.20 , 0.14 , 0.14 , 0.17 , 0.23 , 0.17 , 0.20 , 0.17 , 0.23 , 0.20 , 0.19 , 0.24 , 0.68 , 0.68 , 0.78 , 0.72 , 0.63 , 0.70 ,,,
108,Montana St, 0.51 , 0.53 , 0.56 , 0.53 , 0.51 , 0.53 , 0.22 , 0.20 , 0.17 , 0.18 , 0.24 , 0.17 , 0.18 , 0.18 , 0.24 , 0.20 , 0.17 , 0.24 , 0.71 , 0.74 , 0.77 , 0.82 , 0.66 , 0.74 ,,,
239,Morehead St, 0.47 , 0.40 , 0.40 , 0.48 , 0.47 , 0.48 , 0.18 , 0.19 , 0.23 , 0.21 , 0.17 , 0.17 , 0.25 , 0.21 , 0.18 , 0.33 , 0.21 , 0.25 , 0.59 , 0.61 , 0.71 , 0.56 , 0.61 , 0.71 ,,,
310,Morgan St, 0.44 , 0.49 , 0.59 , 0.49 , 0.42 , 0.44 , 0.22 , 0.24 , 0.23 , 0.21 , 0.22 , 0.17 , 0.29 , 0.23 , 0.22 , 0.27 , 0.30 , 0.29 , 0.70 , 0.74 , 0.76 , 0.70 , 0.70 , 0.70 ,,,
319,Mt St Marys, 0.43 , 0.42 , 0.35 , 0.37 , 0.45 , 0.48 , 0.19 , 0.19 , 0.21 , 0.18 , 0.19 , 0.19 , 0.27 , 0.30 , 0.34 , 0.32 , 0.25 , 0.23 , 0.67 , 0.71 , 0.63 , 0.74 , 0.65 , 0.68 ,,,
147,Murray St, 0.50 , 0.46 , 0.62 , 0.54 , 0.48 , 0.55 , 0.21 , 0.20 , 0.22 , 0.22 , 0.20 , 0.17 , 0.27 , 0.31 , 0.33 , 0.33 , 0.24 , 0.31 , 0.70 , 0.69 , 0.73 , 0.73 , 0.67 , 0.74 ,,,
296,N Arizona, 0.45 , 0.45 , 0.47 , 0.49 , 0.37 , 0.50 , 0.19 , 0.19 , 0.21 , 0.15 , 0.27 , 0.17 , 0.26 , 0.26 , 0.26 , 0.27 , 0.22 , 0.23 , 0.66 , 0.66 , 0.79 , 0.65 , 0.71 , 0.71 ,,,
293,N Carolina, 0.45 , 0.41 , 0.33 , 0.46 , 0.45 , 0.53 , 0.18 , 0.16 , 0.15 , 0.19 , 0.17 , 0.17 , 0.36 , 0.32 , 0.24 , 0.34 , 0.37 , 0.34 , 0.65 , 0.70 , 0.62 , 0.65 , 0.64 , 0.74 ,,,
163,N Colorado, 0.49 , 0.50 , 0.43 , 0.64 , 0.47 , 0.53 , 0.19 , 0.17 , 0.12 , 0.15 , 0.20 , 0.18 , 0.25 , 0.24 , 0.23 , 0.30 , 0.24 , 0.26 , 0.65 , 0.61 , 0.50 , 0.87 , 0.61 , 0.70 ,,,
248,N Dakota St, 0.47 , 0.50 , 0.54 , 0.50 , 0.46 , 0.54 , 0.15 , 0.16 , 0.19 , 0.16 , 0.15 , 0.16 , 0.22 , 0.23 , 0.31 , 0.22 , 0.21 , 0.19 , 0.74 , 0.79 , 0.87 , 0.78 , 0.71 , 0.77 ,,,
107,N Florida, 0.52 , 0.57 , 0.57 , 0.57 , 0.49 , 0.52 , 0.21 , 0.21 , 0.22 , 0.23 , 0.20 , 0.21 , 0.27 , 0.29 , 0.21 , 0.26 , 0.27 , 0.27 , 0.80 , 0.90 , 0.91 , 0.74 , 0.83 , 0.69 ,,,
167,N Hampshire, 0.49 , 0.49 , 0.41 , 0.53 , 0.48 , 0.44 , 0.19 , 0.23 , 0.17 , 0.19 , 0.20 , 0.18 , 0.29 , 0.34 , 0.33 , 0.35 , 0.27 , 0.20 , 0.59 , 0.59 , 0.75 , 0.62 , 0.58 , 0.61 ,,,
259,N Illinois, 0.46 , 0.48 , 0.40 , 0.48 , 0.45 , 0.53 , 0.20 , 0.18 , 0.20 , 0.19 , 0.21 , 0.17 , 0.29 , 0.20 , 0.27 , 0.33 , 0.27 , 0.26 , 0.72 , 0.67 , 1.00 , 0.69 , 0.75 , 0.73 ,,,
71,N Iowa, 0.53 , 0.58 , 0.57 , 0.55 , 0.49 , 0.49 , 0.19 , 0.21 , 0.20 , 0.18 , 0.19 , 0.18 , 0.24 , 0.28 , 0.20 , 0.23 , 0.25 , 0.21 , 0.71 , 0.78 , 0.83 , 0.69 , 0.75 , 0.74 ,,,
128,N Kentucky, 0.51 , 0.51 , 0.56 , 0.54 , 0.49 , 0.55 , 0.20 , 0.20 , 0.19 , 0.21 , 0.19 , 0.18 , 0.23 , 0.20 , 0.28 , 0.28 , 0.20 , 0.28 , 0.65 , 0.69 , 0.59 , 0.63 , 0.66 , 0.67 ,,,
237,N Mex State, 0.47 , 0.43 , 0.39 , 0.49 , 0.46 , 0.54 , 0.22 , 0.21 , 0.25 , 0.20 , 0.23 , 0.18 , 0.34 , 0.35 , 0.32 , 0.38 , 0.32 , 0.37 , 0.66 , 0.64 , 0.50 , 0.72 , 0.60 , 0.68 ,,,
311,Navy, 0.44 , 0.42 , 0.39 , 0.47 , 0.41 , 0.47 , 0.21 , 0.17 , 0.19 , 0.22 , 0.20 , 0.20 , 0.34 , 0.30 , 0.27 , 0.33 , 0.36 , 0.30 , 0.67 , 0.58 , 0.61 , 0.70 , 0.64 , 0.72 ,,,
340,NC A&T, 0.42 , 0.35 , 0.31 , 0.41 , 0.42 , 0.51 , 0.24 , 0.20 , 0.24 , 0.23 , 0.24 , 0.19 , 0.27 , 0.26 , 0.35 , 0.23 , 0.28 , 0.25 , 0.60 , 0.67 , 0.90 , 0.49 , 0.64 , 0.67 ,,,
294,NC Central, 0.45 , 0.46 , 0.51 , 0.60 , 0.43 , 0.50 , 0.25 , 0.22 , 0.25 , 0.36 , 0.24 , 0.22 , 0.25 , 0.26 , 0.24 , 0.31 , 0.24 , 0.32 , 0.69 , 0.58 , 0.29 , 0.78 , 0.67 , 0.71 ,,,
54,NC State, 0.53 , 0.56 , 0.62 , 0.53 , 0.56 , 0.52 , 0.15 , 0.14 , 0.22 , 0.15 , 0.16 , 0.17 , 0.30 , 0.23 , 0.34 , 0.30 , 0.27 , 0.34 , 0.74 , 0.76 , 0.69 , 0.73 , 0.78 , 0.71 ,,,
38,NC-Asheville, 0.54 , 0.55 , 0.55 , -- , 0.54 , 0.46 , 0.20 , 0.19 , 0.19 , -- , 0.20 , 0.23 , 0.27 , 0.23 , 0.18 , -- , 0.27 , 0.26 , 0.69 , 0.68 , 0.57 , -- , 0.69 , 0.75 ,,,
229,NC-Grnsboro, 0.47 , 0.49 , 0.49 , 0.48 , 0.46 , 0.51 , 0.16 , 0.20 , 0.11 , 0.17 , 0.16 , 0.17 , 0.30 , 0.34 , 0.27 , 0.31 , 0.28 , 0.30 , 0.57 , 0.66 , 0.14 , 0.59 , 0.52 , 0.70 ,,,
313,NC-Wilmgton, 0.44 , 0.46 , 0.46 , 0.47 , 0.42 , 0.51 , 0.21 , 0.20 , 0.21 , 0.20 , 0.22 , 0.18 , 0.19 , 0.15 , 0.16 , 0.21 , 0.18 , 0.31 , 0.71 , 0.72 , 0.69 , 0.76 , 0.68 , 0.73 ,,,
100,Neb Omaha, 0.52 , 0.52 , 0.52 , 0.56 , 0.50 , 0.54 , 0.18 , 0.20 , 0.24 , 0.20 , 0.18 , 0.13 , 0.24 , 0.25 , 0.34 , 0.30 , 0.22 , 0.22 , 0.72 , 0.76 , 0.76 , 0.70 , 0.73 , 0.72 ,,,
153,Nebraska, 0.50 , 0.48 , 0.49 , 0.49 , 0.50 , 0.49 , 0.16 , 0.17 , 0.14 , 0.14 , 0.18 , 0.14 , 0.18 , 0.17 , 0.13 , 0.20 , 0.17 , 0.26 , 0.56 , 0.57 , 0.54 , 0.56 , 0.57 , 0.69 ,,,
31,Nevada, 0.55 , 0.60 , 0.69 , 0.52 , 0.58 , 0.54 , 0.16 , 0.14 , 0.16 , 0.15 , 0.18 , 0.14 , 0.24 , 0.32 , 0.20 , 0.21 , 0.27 , 0.26 , 0.71 , 0.69 , 0.84 , 0.68 , 0.74 , 0.71 ,,,
78,New Mexico, 0.52 , 0.52 , 0.53 , 0.56 , 0.49 , 0.50 , 0.20 , 0.16 , 0.25 , 0.16 , 0.25 , 0.19 , 0.31 , 0.30 , 0.36 , 0.31 , 0.30 , 0.27 , 0.72 , 0.71 , 0.80 , 0.73 , 0.72 , 0.70 ,,,
335,New Orleans, 0.42 , 0.42 , 0.40 , -- , 0.42 , 0.48 , 0.18 , 0.18 , 0.20 , -- , 0.18 , 0.21 , 0.22 , 0.22 , 0.20 , -- , 0.22 , 0.30 , 0.77 , 0.82 , 0.67 , -- , 0.77 , 0.70 ,,,
269,Niagara, 0.46 , 0.43 , 0.47 , 0.41 , 0.47 , 0.49 , 0.20 , 0.15 , 0.13 , 0.13 , 0.21 , 0.17 , 0.18 , 0.18 , 0.18 , 0.19 , 0.18 , 0.25 , 0.69 , 0.65 , 0.65 , 0.50 , 0.71 , 0.74 ,,,
266,Nicholls St, 0.46 , 0.45 , 0.59 , -- , 0.46 , 0.50 , 0.21 , 0.19 , 0.17 , -- , 0.21 , 0.17 , 0.26 , 0.27 , 0.21 , -- , 0.26 , 0.23 , 0.77 , 0.74 , 0.77 , -- , 0.77 , 0.77 ,,,
274,NJIT, 0.46 , 0.42 , 0.43 , 0.55 , 0.43 , 0.51 , 0.17 , 0.20 , 0.23 , 0.08 , 0.19 , 0.17 , 0.25 , 0.28 , 0.31 , 0.27 , 0.24 , 0.20 , 0.70 , 0.71 , 0.67 , 0.67 , 0.72 , 0.72 ,,,
314,Norfolk St, 0.44 , 0.42 , 0.32 , 0.42 , 0.44 , 0.50 , 0.24 , 0.21 , 0.18 , 0.22 , 0.24 , 0.20 , 0.29 , 0.28 , 0.24 , 0.31 , 0.28 , 0.25 , 0.71 , 0.78 , 0.86 , 0.80 , 0.69 , 0.72 ,,,
271,North Alabama, 0.46 , 0.47 , 0.48 , 0.46 , 0.46 , 0.45 , 0.22 , 0.21 , 0.28 , 0.18 , 0.24 , 0.19 , 0.25 , 0.27 , 0.20 , 0.29 , 0.23 , 0.25 , 0.67 , 0.68 , 0.77 , 0.62 , 0.70 , 0.68 ,,,
210,North Dakota, 0.48 , 0.49 , 0.50 , -- , 0.48 , 0.51 , 0.23 , 0.23 , 0.24 , -- , 0.23 , 0.18 , 0.26 , 0.29 , 0.27 , -- , 0.26 , 0.19 , 0.78 , 0.82 , 0.75 , -- , 0.78 , 0.69 ,,,
129,North Texas, 0.51 , 0.60 , 0.66 , 0.59 , 0.44 , 0.49 , 0.22 , 0.20 , 0.22 , 0.22 , 0.23 , 0.20 , 0.30 , 0.37 , 0.29 , 0.28 , 0.31 , 0.28 , 0.73 , 0.79 , 0.83 , 0.75 , 0.72 , 0.67 ,,,
3,Northeastrn, 0.59 , 0.61 , 0.50 , 0.59 , 0.60 , 0.57 , 0.21 , 0.19 , 0.13 , 0.18 , 0.23 , 0.16 , 0.21 , 0.21 , 0.11 , 0.21 , 0.21 , 0.21 , 0.82 , 0.88 , 0.86 , 0.83 , 0.81 , 0.75 ,,,
192,Northwestern, 0.49 , 0.57 , 0.66 , 0.42 , 0.57 , 0.47 , 0.19 , 0.18 , 0.21 , 0.19 , 0.18 , 0.16 , 0.27 , 0.25 , 0.33 , 0.28 , 0.25 , 0.23 , 0.80 , 0.80 , 0.90 , 0.80 , 0.80 , 0.74 ,,,
253,Notre Dame, 0.47 , 0.47 , 0.47 , 0.49 , 0.39 , 0.46 , 0.14 , 0.15 , 0.21 , 0.15 , 0.11 , 0.14 , 0.26 , 0.27 , 0.29 , 0.29 , 0.16 , 0.27 , 0.70 , 0.70 , 0.78 , 0.72 , 0.59 , 0.74 ,,,
326,NW State, 0.43 , 0.41 , 0.38 , 0.50 , 0.41 , 0.45 , 0.19 , 0.20 , 0.21 , 0.18 , 0.19 , 0.22 , 0.24 , 0.22 , 0.18 , 0.10 , 0.27 , 0.28 , 0.65 , 0.57 , 0.55 , 0.83 , 0.57 , 0.68 ,,,
246,Oakland, 0.47 , 0.54 , 0.52 , 0.45 , 0.47 , 0.54 , 0.21 , 0.20 , 0.23 , 0.22 , 0.21 , 0.18 , 0.25 , 0.26 , 0.23 , 0.35 , 0.24 , 0.24 , 0.67 , 0.65 , 0.68 , 0.63 , 0.68 , 0.74 ,,,
68,Ohio, 0.53 , 0.54 , 0.62 , 0.62 , 0.51 , 0.49 , 0.21 , 0.18 , 0.17 , 0.17 , 0.22 , 0.20 , 0.22 , 0.24 , 0.32 , 0.32 , 0.20 , 0.27 , 0.69 , 0.77 , 0.85 , 0.85 , 0.64 , 0.63 ,,,
6,Ohio State, 0.58 , 0.60 , 0.70 , 0.59 , 0.53 , 0.50 , 0.17 , 0.16 , 0.12 , 0.16 , 0.22 , 0.18 , 0.34 , 0.39 , 0.35 , 0.33 , 0.36 , 0.26 , 0.73 , 0.81 , 0.81 , 0.72 , 0.76 , 0.73 ,,,
139,Oklahoma, 0.50 , 0.51 , 0.58 , 0.51 , 0.50 , 0.50 , 0.14 , 0.16 , 0.12 , 0.14 , 0.14 , 0.17 , 0.21 , 0.16 , 0.19 , 0.22 , 0.21 , 0.23 , 0.77 , 0.68 , 0.76 , 0.81 , 0.73 , 0.70 ,,,
155,Oklahoma St, 0.50 , 0.53 , 0.50 , 0.46 , 0.56 , 0.50 , 0.18 , 0.20 , 0.16 , 0.17 , 0.20 , 0.18 , 0.27 , 0.24 , 0.20 , 0.27 , 0.26 , 0.24 , 0.75 , 0.83 , 0.75 , 0.69 , 0.87 , 0.69 ,,,
317,Old Dominion, 0.43 , 0.41 , 0.43 , 0.45 , 0.43 , 0.47 , 0.19 , 0.22 , 0.25 , 0.15 , 0.21 , 0.17 , 0.28 , 0.22 , 0.23 , 0.35 , 0.24 , 0.31 , 0.63 , 0.73 , 0.75 , 0.62 , 0.64 , 0.66 ,,,
329,Oral Roberts, 0.43 , 0.42 , 0.42 , 0.49 , 0.41 , 0.52 , 0.17 , 0.16 , 0.19 , 0.18 , 0.17 , 0.20 , 0.28 , 0.28 , 0.32 , 0.34 , 0.27 , 0.28 , 0.73 , 0.74 , 0.59 , 0.69 , 0.74 , 0.70 ,,,
35,Oregon, 0.55 , 0.49 , 0.73 , 0.62 , 0.47 , 0.52 , 0.16 , 0.12 , 0.18 , 0.17 , 0.15 , 0.17 , 0.34 , 0.37 , 0.40 , 0.28 , 0.39 , 0.28 , 0.67 , 0.73 , 0.88 , 0.76 , 0.60 , 0.72 ,,,
25,Oregon St, 0.56 , 0.59 , 0.61 , 0.56 , 0.56 , 0.52 , 0.15 , 0.15 , 0.14 , 0.15 , 0.15 , 0.18 , 0.26 , 0.27 , 0.19 , 0.29 , 0.22 , 0.30 , 0.70 , 0.70 , 0.68 , 0.70 , 0.71 , 0.74 ,,,
104,Pacific, 0.52 , 0.53 , 0.52 , 0.50 , 0.54 , 0.48 , 0.18 , 0.14 , 0.22 , 0.18 , 0.19 , 0.19 , 0.34 , 0.33 , 0.38 , 0.32 , 0.38 , 0.25 , 0.64 , 0.58 , 0.86 , 0.62 , 0.68 , 0.74 ,,,
103,Penn State, 0.52 , 0.49 , 0.51 , 0.52 , 0.51 , 0.48 , 0.18 , 0.17 , 0.15 , 0.16 , 0.20 , 0.18 , 0.33 , 0.39 , 0.24 , 0.35 , 0.31 , 0.30 , 0.67 , 0.68 , 0.70 , 0.63 , 0.72 , 0.69 ,,,
114,Pepperdine, 0.51 , 0.48 , 0.47 , 0.48 , 0.52 , 0.52 , 0.18 , 0.19 , 0.18 , 0.19 , 0.18 , 0.18 , 0.28 , 0.33 , 0.41 , 0.29 , 0.28 , 0.23 , 0.86 , 0.82 , 0.94 , 0.87 , 0.85 , 0.76 ,,,
282,Pittsburgh, 0.46 , 0.47 , 0.41 , 0.45 , 0.47 , 0.48 , 0.20 , 0.18 , 0.20 , 0.19 , 0.20 , 0.19 , 0.31 , 0.25 , 0.27 , 0.32 , 0.30 , 0.29 , 0.69 , 0.63 , 0.50 , 0.66 , 0.76 , 0.70 ,,,
42,Portland, 0.54 , 0.48 , 0.54 , 0.52 , 0.56 , 0.47 , 0.19 , 0.18 , 0.16 , 0.18 , 0.20 , 0.20 , 0.17 , 0.18 , 0.13 , 0.19 , 0.15 , 0.18 , 0.67 , 0.66 , 0.57 , 0.70 , 0.63 , 0.66 ,,,
256,Portland St, 0.47 , 0.47 , 0.49 , 0.46 , 0.47 , 0.47 , 0.16 , 0.16 , 0.21 , 0.19 , 0.15 , 0.19 , 0.37 , 0.39 , 0.46 , 0.43 , 0.35 , 0.38 , 0.73 , 0.72 , 0.44 , 0.60 , 0.76 , 0.71 ,,,
304,Prairie View, 0.45 , 0.46 , 0.64 , -- , 0.45 , 0.49 , 0.22 , 0.17 , 0.24 , -- , 0.22 , 0.17 , 0.25 , 0.26 , 0.21 , -- , 0.25 , 0.27 , 0.65 , 0.69 , 0.59 , -- , 0.65 , 0.68 ,,,
286,Presbyterian, 0.45 , 0.46 , 0.46 , 0.45 , 0.46 , 0.53 , 0.21 , 0.19 , 0.22 , 0.18 , 0.21 , 0.14 , 0.25 , 0.28 , 0.29 , 0.20 , 0.26 , 0.23 , 0.64 , 0.72 , 0.77 , 0.56 , 0.65 , 0.75 ,,,
127,Princeton, 0.51 , 0.54 , 0.47 , 0.49 , 0.51 , 0.47 , 0.17 , 0.14 , 0.14 , 0.15 , 0.18 , 0.18 , 0.26 , 0.24 , 0.25 , 0.26 , 0.26 , 0.22 , 0.65 , 0.71 , 0.76 , 0.52 , 0.68 , 0.75 ,,,
191,Providence, 0.49 , 0.44 , 0.42 , 0.54 , 0.43 , 0.48 , 0.19 , 0.23 , 0.28 , 0.17 , 0.22 , 0.18 , 0.33 , 0.29 , 0.31 , 0.35 , 0.31 , 0.30 , 0.66 , 0.68 , 0.50 , 0.66 , 0.66 , 0.69 ,,,
133,Purdue, 0.51 , 0.47 , 0.58 , 0.56 , 0.40 , 0.54 , 0.18 , 0.24 , 0.12 , 0.14 , 0.24 , 0.16 , 0.35 , 0.34 , 0.30 , 0.37 , 0.32 , 0.33 , 0.66 , 0.69 , 0.67 , 0.69 , 0.61 , 0.72 ,,,
64,Quinnipiac, 0.53 , 0.57 , 0.64 , 0.58 , 0.47 , 0.53 , 0.18 , 0.19 , 0.23 , 0.18 , 0.19 , 0.19 , 0.24 , 0.22 , 0.04 , 0.22 , 0.27 , 0.28 , 0.75 , 0.71 , 0.77 , 0.80 , 0.61 , 0.72 ,,,
175,Radford, 0.49 , 0.52 , 0.57 , 0.59 , 0.45 , 0.53 , 0.16 , 0.14 , 0.23 , 0.14 , 0.17 , 0.16 , 0.27 , 0.26 , 0.21 , 0.28 , 0.27 , 0.28 , 0.64 , 0.58 , 0.35 , 0.56 , 0.67 , 0.71 ,,,
233,Rhode Island, 0.47 , 0.49 , 0.47 , 0.48 , 0.47 , 0.47 , 0.18 , 0.21 , 0.20 , 0.19 , 0.18 , 0.17 , 0.30 , 0.34 , 0.29 , 0.31 , 0.29 , 0.29 , 0.69 , 0.67 , 0.59 , 0.74 , 0.59 , 0.68 ,,,
140,Rice, 0.50 , 0.46 , 0.44 , 0.54 , 0.49 , 0.50 , 0.21 , 0.22 , 0.27 , 0.16 , 0.22 , 0.19 , 0.20 , 0.25 , 0.26 , 0.23 , 0.20 , 0.25 , 0.70 , 0.71 , 0.65 , 0.73 , 0.69 , 0.68 ,,,
11,Richmond, 0.57 , 0.51 , 0.59 , 0.60 , 0.51 , 0.54 , 0.16 , 0.16 , 0.12 , 0.16 , 0.15 , 0.15 , 0.24 , 0.24 , 0.36 , 0.23 , 0.25 , 0.17 , 0.79 , 0.78 , 0.72 , 0.82 , 0.73 , 0.66 ,,,
88,Rider, 0.52 , 0.57 , 0.59 , 0.59 , 0.51 , 0.51 , 0.20 , 0.15 , 0.16 , 0.16 , 0.21 , 0.18 , 0.29 , 0.24 , 0.24 , 0.24 , 0.29 , 0.29 , 0.63 , 0.65 , 0.77 , 0.77 , 0.60 , 0.62 ,,,
280,Rob Morris, 0.46 , 0.47 , 0.46 , 0.44 , 0.46 , 0.49 , 0.19 , 0.21 , 0.18 , 0.17 , 0.19 , 0.21 , 0.25 , 0.25 , 0.23 , 0.19 , 0.26 , 0.28 , 0.63 , 0.60 , 0.70 , 1.00 , 0.61 , 0.69 ,,,
86,Rutgers, 0.52 , 0.55 , 0.45 , 0.54 , 0.47 , 0.47 , 0.20 , 0.21 , 0.29 , 0.18 , 0.24 , 0.19 , 0.34 , 0.37 , 0.44 , 0.28 , 0.47 , 0.32 , 0.66 , 0.65 , 0.60 , 0.66 , 0.63 , 0.64 ,,,
56,S Alabama, 0.53 , 0.58 , 0.48 , 0.49 , 0.55 , 0.53 , 0.17 , 0.18 , 0.17 , 0.13 , 0.18 , 0.19 , 0.25 , 0.22 , 0.09 , 0.27 , 0.24 , 0.24 , 0.78 , 0.73 , 0.76 , 0.81 , 0.77 , 0.68 ,,,
333,S Car State, 0.42 , 0.44 , 0.49 , 0.49 , 0.40 , 0.47 , 0.20 , 0.18 , 0.12 , 0.12 , 0.21 , 0.20 , 0.21 , 0.31 , 0.28 , 0.28 , 0.19 , 0.30 , 0.80 , 0.81 , 0.75 , 0.75 , 0.82 , 0.74 ,,,
203,S Carolina, 0.48 , 0.56 , 0.57 , 0.48 , 0.49 , 0.48 , 0.18 , 0.17 , 0.20 , 0.17 , 0.20 , 0.19 , 0.33 , 0.28 , 0.30 , 0.36 , 0.26 , 0.28 , 0.60 , 0.58 , 0.62 , 0.62 , 0.54 , 0.67 ,,,
134,S Dakota St, 0.51 , 0.47 , 0.46 , 0.56 , 0.47 , 0.59 , 0.20 , 0.18 , 0.13 , 0.18 , 0.21 , 0.16 , 0.28 , 0.28 , 0.25 , 0.35 , 0.24 , 0.22 , 0.71 , 0.72 , 0.65 , 0.70 , 0.72 , 0.77 ,,,
202,S Florida, 0.48 , 0.49 , 0.57 , 0.49 , 0.48 , 0.49 , 0.24 , 0.22 , 0.26 , 0.25 , 0.22 , 0.22 , 0.33 , 0.36 , 0.29 , 0.34 , 0.32 , 0.34 , 0.57 , 0.60 , 0.47 , 0.56 , 0.63 , 0.64 ,,,
85,S Illinois, 0.52 , 0.55 , 0.58 , 0.59 , 0.49 , 0.53 , 0.20 , 0.21 , 0.27 , 0.24 , 0.18 , 0.21 , 0.18 , 0.24 , 0.23 , 0.23 , 0.15 , 0.27 , 0.71 , 0.72 , 0.70 , 0.81 , 0.68 , 0.69 ,,,
73,S Methodist, 0.53 , 0.51 , 0.42 , 0.53 , 0.49 , 0.51 , 0.19 , 0.19 , 0.18 , 0.18 , 0.22 , 0.16 , 0.37 , 0.38 , 0.41 , 0.37 , 0.35 , 0.31 , 0.79 , 0.81 , 0.80 , 0.77 , 0.92 , 0.72 ,,,
224,S Mississippi, 0.48 , 0.52 , 0.63 , 0.52 , 0.47 , 0.53 , 0.22 , 0.21 , 0.19 , 0.21 , 0.22 , 0.15 , 0.24 , 0.22 , 0.19 , 0.21 , 0.25 , 0.21 , 0.69 , 0.66 , 0.65 , 0.67 , 0.70 , 0.67 ,,,
306,S Utah, 0.44 , 0.40 , 0.38 , 0.38 , 0.46 , 0.50 , 0.23 , 0.25 , 0.23 , 0.23 , 0.23 , 0.19 , 0.31 , 0.34 , 0.39 , 0.39 , 0.30 , 0.21 , 0.71 , 0.71 , 0.81 , 0.81 , 0.68 , 0.71 ,,,
337,Sac State, 0.42 , 0.39 , 0.42 , 0.48 , 0.40 , 0.49 , 0.19 , 0.19 , 0.18 , 0.16 , 0.20 , 0.19 , 0.27 , 0.27 , 0.24 , 0.25 , 0.28 , 0.27 , 0.75 , 0.73 , 0.74 , 0.71 , 0.76 , 0.71 ,,,
160,Sacred Hrt, 0.50 , 0.54 , 0.52 , 0.57 , 0.49 , 0.52 , 0.21 , 0.16 , 0.12 , 0.23 , 0.21 , 0.19 , 0.32 , 0.28 , 0.34 , 0.41 , 0.31 , 0.29 , 0.81 , 0.86 , 0.82 , 0.76 , 0.82 , 0.76 ,,,
169,Saint Louis, 0.49 , 0.42 , 0.48 , 0.51 , 0.40 , 0.47 , 0.19 , 0.19 , 0.17 , 0.19 , 0.20 , 0.19 , 0.34 , 0.36 , 0.33 , 0.34 , 0.33 , 0.35 , 0.54 , 0.56 , 0.70 , 0.54 , 0.57 , 0.60 ,,,
219,Sam Hous St, 0.48 , 0.50 , 0.40 , -- , 0.48 , 0.52 , 0.19 , 0.19 , 0.20 , -- , 0.19 , 0.18 , 0.19 , 0.18 , 0.24 , -- , 0.19 , 0.28 , 0.77 , 0.76 , 0.69 , -- , 0.77 , 0.76 ,,,
91,Samford, 0.52 , 0.59 , 0.76 , 0.59 , 0.50 , 0.54 , 0.24 , 0.23 , 0.18 , 0.30 , 0.22 , 0.19 , 0.32 , 0.30 , 0.25 , 0.28 , 0.33 , 0.26 , 0.68 , 0.69 , 0.81 , 0.78 , 0.65 , 0.73 ,,,
207,San Diego, 0.48 , 0.50 , 0.53 , 0.47 , 0.49 , 0.52 , 0.20 , 0.18 , 0.24 , 0.19 , 0.21 , 0.19 , 0.22 , 0.21 , 0.30 , 0.24 , 0.21 , 0.22 , 0.68 , 0.61 , 0.50 , 0.66 , 0.70 , 0.75 ,,,
36,San Diego St, 0.55 , 0.62 , 0.57 , 0.52 , 0.57 , 0.50 , 0.16 , 0.19 , 0.11 , 0.13 , 0.19 , 0.18 , 0.30 , 0.30 , 0.33 , 0.30 , 0.30 , 0.27 , 0.72 , 0.88 , 0.91 , 0.61 , 0.81 , 0.72 ,,,
47,San Fransco, 0.54 , 0.49 , 0.52 , 0.54 , 0.54 , 0.54 , 0.16 , 0.17 , 0.16 , 0.15 , 0.19 , 0.15 , 0.32 , 0.29 , 0.27 , 0.28 , 0.40 , 0.28 , 0.73 , 0.72 , 0.76 , 0.73 , 0.73 , 0.66 ,,,
324,San Jose St, 0.43 , 0.41 , 0.51 , 0.48 , 0.38 , 0.46 , 0.23 , 0.24 , 0.22 , 0.22 , 0.23 , 0.21 , 0.29 , 0.25 , 0.11 , 0.28 , 0.30 , 0.25 , 0.65 , 0.72 , 0.60 , 0.63 , 0.69 , 0.65 ,,,
67,Santa Clara, 0.53 , 0.47 , 0.51 , 0.57 , 0.41 , 0.52 , 0.21 , 0.19 , 0.27 , 0.22 , 0.17 , 0.20 , 0.19 , 0.20 , 0.23 , 0.19 , 0.19 , 0.23 , 0.72 , 0.67 , 0.83 , 0.74 , 0.67 , 0.71 ,,,
346,SC Upstate, 0.40 , 0.42 , 0.45 , 0.45 , 0.39 , 0.47 , 0.19 , 0.21 , 0.19 , 0.21 , 0.19 , 0.20 , 0.19 , 0.14 , 0.11 , 0.12 , 0.21 , 0.22 , 0.65 , 0.73 , 0.79 , 0.78 , 0.57 , 0.71 ,,,
305,SE Louisiana, 0.45 , 0.43 , 0.50 , 0.49 , 0.44 , 0.50 , 0.21 , 0.20 , 0.20 , 0.22 , 0.21 , 0.24 , 0.27 , 0.27 , 0.22 , 0.27 , 0.28 , 0.32 , 0.57 , 0.67 , 0.65 , 0.60 , 0.56 , 0.72 ,,,
212,SE Missouri, 0.48 , 0.52 , 0.60 , 0.49 , 0.48 , 0.50 , 0.21 , 0.25 , 0.25 , 0.19 , 0.22 , 0.20 , 0.21 , 0.24 , 0.21 , 0.21 , 0.22 , 0.23 , 0.71 , 0.71 , 0.57 , 0.67 , 0.73 , 0.70 ,,,
328,Seattle, 0.43 , 0.48 , 0.46 , 0.46 , 0.41 , 0.49 , 0.15 , 0.16 , 0.11 , 0.17 , 0.15 , 0.17 , 0.26 , 0.33 , 0.30 , 0.29 , 0.25 , 0.28 , 0.74 , 0.73 , 0.57 , 0.77 , 0.73 , 0.72 ,,,
30,Seton Hall, 0.55 , 0.58 , 0.60 , 0.55 , 0.55 , 0.50 , 0.17 , 0.20 , 0.23 , 0.16 , 0.18 , 0.17 , 0.31 , 0.36 , 0.44 , 0.27 , 0.35 , 0.28 , 0.71 , 0.67 , 0.67 , 0.70 , 0.72 , 0.71 ,,,
249,Siena, 0.47 , 0.43 , 0.48 , 0.57 , 0.43 , 0.52 , 0.18 , 0.17 , 0.14 , 0.19 , 0.18 , 0.15 , 0.32 , 0.30 , 0.39 , 0.41 , 0.30 , 0.22 , 0.69 , 0.67 , 0.33 , 0.79 , 0.64 , 0.68 ,,,
279,SIU Edward, 0.46 , 0.46 , 0.52 , 0.51 , 0.42 , 0.47 , 0.19 , 0.19 , 0.12 , 0.16 , 0.21 , 0.18 , 0.20 , 0.21 , 0.32 , 0.23 , 0.18 , 0.27 , 0.66 , 0.63 , 0.54 , 0.58 , 0.77 , 0.69 ,,,
34,South Dakota, 0.55 , 0.50 , 0.37 , 0.62 , 0.53 , 0.50 , 0.17 , 0.15 , 0.14 , 0.19 , 0.16 , 0.16 , 0.20 , 0.20 , 0.17 , 0.22 , 0.20 , 0.19 , 0.74 , 0.65 , 0.54 , 0.69 , 0.75 , 0.74 ,,,
291,Southern, 0.45 , 0.47 , 0.41 , -- , 0.45 , 0.49 , 0.21 , 0.22 , 0.22 , -- , 0.21 , 0.23 , 0.33 , 0.36 , 0.38 , -- , 0.33 , 0.27 , 0.70 , 0.64 , 0.65 , -- , 0.70 , 0.67 ,,,
238,St Bonavent, 0.47 , 0.55 , 0.60 , 0.43 , 0.51 , 0.48 , 0.19 , 0.20 , 0.27 , 0.21 , 0.17 , 0.18 , 0.30 , 0.31 , 0.41 , 0.34 , 0.27 , 0.28 , 0.73 , 0.60 , 0.54 , 0.73 , 0.74 , 0.74 ,,,
236,St Fran (NY), 0.47 , 0.46 , 0.43 , 0.50 , 0.47 , 0.49 , 0.21 , 0.18 , 0.22 , 0.19 , 0.21 , 0.17 , 0.26 , 0.28 , 0.29 , 0.16 , 0.28 , 0.25 , 0.67 , 0.68 , 0.56 , 0.84 , 0.64 , 0.69 ,,,
222,St Fran (PA), 0.48 , 0.49 , 0.47 , 0.48 , 0.48 , 0.49 , 0.19 , 0.15 , 0.22 , 0.12 , 0.22 , 0.17 , 0.29 , 0.30 , 0.25 , 0.27 , 0.30 , 0.31 , 0.79 , 0.82 , 0.79 , 0.81 , 0.78 , 0.71 ,,,
232,St Johns, 0.47 , 0.48 , 0.34 , 0.48 , 0.45 , 0.52 , 0.17 , 0.20 , 0.17 , 0.17 , 0.18 , 0.14 , 0.34 , 0.31 , 0.29 , 0.34 , 0.32 , 0.20 , 0.67 , 0.70 , 0.82 , 0.69 , 0.61 , 0.72 ,,,
285,St Josephs, 0.45 , 0.42 , 0.42 , 0.44 , 0.47 , 0.48 , 0.18 , 0.15 , 0.16 , 0.17 , 0.18 , 0.13 , 0.27 , 0.30 , 0.29 , 0.30 , 0.26 , 0.20 , 0.70 , 0.80 , 0.85 , 0.83 , 0.61 , 0.75 ,,,
32,St Marys, 0.55 , 0.56 , 0.48 , 0.56 , 0.51 , 0.54 , 0.16 , 0.13 , 0.14 , 0.15 , 0.17 , 0.16 , 0.26 , 0.23 , 0.23 , 0.25 , 0.32 , 0.29 , 0.74 , 0.72 , 0.86 , 0.74 , 0.76 , 0.74 ,,,
350,St Peters, 0.39 , 0.44 , 0.44 , 0.38 , 0.40 , 0.49 , 0.23 , 0.23 , 0.24 , 0.20 , 0.29 , 0.23 , 0.33 , 0.40 , 0.44 , 0.30 , 0.39 , 0.28 , 0.67 , 0.67 , 0.42 , 0.73 , 0.58 , 0.73 ,,,
8,Stanford, 0.58 , 0.55 , 0.59 , 0.59 , 0.53 , 0.51 , 0.20 , 0.19 , 0.15 , 0.19 , 0.21 , 0.20 , 0.24 , 0.28 , 0.21 , 0.21 , 0.32 , 0.27 , 0.71 , 0.69 , 0.73 , 0.72 , 0.68 , 0.67 ,,,
112,Ste F Austin, 0.51 , 0.49 , 0.43 , 0.56 , 0.47 , 0.48 , 0.23 , 0.21 , 0.24 , 0.25 , 0.22 , 0.20 , 0.31 , 0.26 , 0.32 , 0.39 , 0.26 , 0.27 , 0.71 , 0.67 , 0.76 , 0.77 , 0.66 , 0.69 ,,,
215,Stetson, 0.48 , 0.48 , 0.61 , 0.50 , 0.48 , 0.46 , 0.23 , 0.24 , 0.30 , 0.17 , 0.25 , 0.17 , 0.28 , 0.28 , 0.26 , 0.28 , 0.28 , 0.26 , 0.69 , 0.73 , 0.58 , 0.72 , 0.67 , 0.68 ,,,
208,Stony Brook, 0.48 , 0.49 , 0.66 , 0.49 , 0.48 , 0.48 , 0.20 , 0.22 , 0.22 , 0.21 , 0.19 , 0.20 , 0.27 , 0.29 , 0.19 , 0.27 , 0.27 , 0.32 , 0.71 , 0.68 , 0.56 , 0.70 , 0.71 , 0.72 ,,,
102,Syracuse, 0.52 , 0.49 , 0.63 , 0.54 , 0.48 , 0.50 , 0.19 , 0.20 , 0.21 , 0.19 , 0.19 , 0.18 , 0.25 , 0.24 , 0.38 , 0.25 , 0.24 , 0.28 , 0.69 , 0.73 , 0.83 , 0.66 , 0.73 , 0.69 ,,,
299,Temple, 0.45 , 0.45 , 0.37 , 0.43 , 0.46 , 0.50 , 0.17 , 0.21 , 0.26 , 0.16 , 0.18 , 0.15 , 0.27 , 0.20 , 0.17 , 0.24 , 0.29 , 0.25 , 0.69 , 0.71 , 0.69 , 0.66 , 0.72 , 0.73 ,,,
131,Tennessee, 0.51 , 0.47 , 0.46 , 0.51 , 0.49 , 0.55 , 0.20 , 0.24 , 0.22 , 0.18 , 0.22 , 0.16 , 0.31 , 0.32 , 0.44 , 0.37 , 0.20 , 0.30 , 0.73 , 0.82 , 0.75 , 0.66 , 0.84 , 0.76 ,,,
99,Texas, 0.52 , 0.53 , 0.60 , 0.52 , 0.51 , 0.51 , 0.19 , 0.15 , 0.16 , 0.20 , 0.17 , 0.16 , 0.27 , 0.26 , 0.08 , 0.29 , 0.24 , 0.27 , 0.71 , 0.62 , 0.73 , 0.67 , 0.79 , 0.70 ,,,
339,Texas A&M, 0.42 , 0.38 , 0.55 , 0.44 , 0.38 , 0.49 , 0.21 , 0.21 , 0.20 , 0.21 , 0.21 , 0.20 , 0.23 , 0.19 , 0.16 , 0.25 , 0.19 , 0.31 , 0.68 , 0.72 , 0.83 , 0.66 , 0.72 , 0.69 ,,,
173,Texas State, 0.49 , 0.46 , 0.52 , 0.54 , 0.44 , 0.50 , 0.19 , 0.14 , 0.13 , 0.21 , 0.16 , 0.19 , 0.27 , 0.26 , 0.25 , 0.28 , 0.25 , 0.30 , 0.70 , 0.70 , 0.64 , 0.71 , 0.68 , 0.68 ,,,
93,Texas Tech, 0.52 , 0.44 , 0.45 , 0.55 , 0.49 , 0.54 , 0.19 , 0.19 , 0.30 , 0.17 , 0.21 , 0.17 , 0.29 , 0.26 , 0.29 , 0.29 , 0.30 , 0.26 , 0.76 , 0.80 , 0.80 , 0.77 , 0.75 , 0.73 ,,,
117,TN Martin, 0.51 , 0.51 , 0.57 , 0.46 , 0.52 , 0.50 , 0.15 , 0.12 , 0.15 , 0.20 , 0.14 , 0.19 , 0.28 , 0.24 , 0.23 , 0.35 , 0.26 , 0.31 , 0.75 , 0.76 , 0.80 , 0.72 , 0.75 , 0.75 ,,,
20,TN State, 0.56 , 0.57 , 0.53 , 0.65 , 0.50 , 0.49 , 0.24 , 0.24 , 0.20 , 0.23 , 0.25 , 0.22 , 0.28 , 0.36 , 0.33 , 0.35 , 0.24 , 0.27 , 0.67 , 0.71 , 0.74 , 0.62 , 0.71 , 0.70 ,,,
316,TN Tech, 0.44 , 0.41 , 0.44 , 0.48 , 0.41 , 0.46 , 0.26 , 0.24 , 0.20 , 0.18 , 0.30 , 0.22 , 0.27 , 0.34 , 0.33 , 0.27 , 0.28 , 0.26 , 0.67 , 0.71 , 0.50 , 0.63 , 0.70 , 0.63 ,,,
27,Toledo, 0.56 , 0.48 , 0.56 , 0.58 , 0.54 , 0.53 , 0.20 , 0.20 , 0.15 , 0.16 , 0.22 , 0.17 , 0.28 , 0.26 , 0.17 , 0.33 , 0.25 , 0.26 , 0.74 , 0.71 , 0.76 , 0.73 , 0.76 , 0.77 ,,,
300,Towson, 0.45 , 0.46 , 0.29 , 0.46 , 0.44 , 0.48 , 0.20 , 0.23 , 0.25 , 0.13 , 0.22 , 0.18 , 0.29 , 0.32 , 0.33 , 0.27 , 0.29 , 0.34 , 0.74 , 0.73 , 0.50 , 0.80 , 0.72 , 0.70 ,,,
327,Troy, 0.43 , 0.41 , 0.43 , 0.49 , 0.38 , 0.51 , 0.18 , 0.18 , 0.17 , 0.17 , 0.20 , 0.20 , 0.31 , 0.34 , 0.33 , 0.32 , 0.31 , 0.26 , 0.59 , 0.72 , 0.76 , 0.57 , 0.60 , 0.72 ,,,
57,Tulane, 0.53 , 0.54 , 0.50 , 0.54 , 0.52 , 0.47 , 0.19 , 0.22 , 0.27 , 0.17 , 0.21 , 0.20 , 0.23 , 0.20 , 0.17 , 0.26 , 0.19 , 0.24 , 0.74 , 0.71 , 0.76 , 0.68 , 0.84 , 0.69 ,,,
120,Tulsa, 0.51 , 0.55 , 0.59 , 0.54 , 0.42 , 0.51 , 0.20 , 0.24 , 0.22 , 0.20 , 0.19 , 0.18 , 0.30 , 0.35 , 0.35 , 0.29 , 0.31 , 0.21 , 0.73 , 0.79 , 0.73 , 0.73 , 0.74 , 0.70 ,,,
197,TX A&M-CC, 0.48 , 0.48 , 0.54 , 0.46 , 0.52 , 0.48 , 0.26 , 0.25 , 0.22 , 0.25 , 0.28 , 0.22 , 0.30 , 0.33 , 0.23 , 0.35 , 0.23 , 0.30 , 0.65 , 0.66 , 0.46 , 0.66 , 0.64 , 0.70 ,,,
136,TX Christian, 0.51 , 0.50 , 0.47 , 0.51 , 0.48 , 0.52 , 0.18 , 0.15 , 0.16 , 0.17 , 0.21 , 0.19 , 0.32 , 0.31 , 0.27 , 0.33 , 0.29 , 0.29 , 0.65 , 0.70 , 0.88 , 0.69 , 0.50 , 0.68 ,,,
206,TX El Paso, 0.48 , 0.48 , 0.48 , 0.49 , 0.46 , 0.46 , 0.21 , 0.22 , 0.21 , 0.20 , 0.23 , 0.22 , 0.15 , 0.14 , 0.19 , 0.17 , 0.08 , 0.24 , 0.82 , 0.84 , 0.77 , 0.79 , 0.93 , 0.67 ,,,
334,TX Southern, 0.42 , 0.45 , 0.44 , 0.52 , 0.41 , 0.51 , 0.23 , 0.23 , 0.23 , 0.24 , 0.23 , 0.19 , 0.25 , 0.21 , 0.18 , 0.21 , 0.25 , 0.31 , 0.67 , 0.65 , 0.65 , 0.70 , 0.66 , 0.67 ,,,
270,TX-Arlington, 0.46 , 0.52 , 0.47 , 0.48 , 0.45 , 0.47 , 0.17 , 0.19 , 0.19 , 0.17 , 0.16 , 0.20 , 0.22 , 0.24 , 0.27 , 0.28 , 0.19 , 0.29 , 0.73 , 0.68 , 0.65 , 0.76 , 0.71 , 0.74 ,,,
325,TX-Pan Am, 0.43 , 0.44 , 0.47 , 0.45 , 0.41 , 0.46 , 0.18 , 0.23 , 0.23 , 0.26 , 0.13 , 0.18 , 0.21 , 0.25 , 0.29 , 0.27 , 0.18 , 0.24 , 0.71 , 0.73 , 0.79 , 0.73 , 0.69 , 0.70 ,,,
295,TX-San Ant, 0.45 , 0.53 , 0.57 , 0.51 , 0.43 , 0.50 , 0.17 , 0.16 , 0.16 , 0.16 , 0.17 , 0.16 , 0.25 , 0.25 , 0.26 , 0.25 , 0.25 , 0.24 , 0.77 , 0.81 , 0.71 , 0.84 , 0.74 , 0.74 ,,,
141,U Mass, 0.50 , 0.44 , 0.35 , 0.59 , 0.41 , 0.51 , 0.19 , 0.24 , 0.22 , 0.16 , 0.21 , 0.20 , 0.26 , 0.29 , 0.36 , 0.27 , 0.24 , 0.30 , 0.66 , 0.68 , 0.74 , 0.65 , 0.68 , 0.68 ,,,
49,U Penn, 0.54 , 0.58 , 0.54 , 0.46 , 0.55 , 0.53 , 0.18 , 0.16 , 0.18 , 0.20 , 0.18 , 0.18 , 0.23 , 0.24 , 0.16 , 0.36 , 0.21 , 0.23 , 0.65 , 0.61 , 0.44 , 0.75 , 0.64 , 0.64 ,,,
289,UAB, 0.45 , 0.46 , 0.45 , 0.42 , 0.50 , 0.50 , 0.23 , 0.24 , 0.33 , 0.23 , 0.22 , 0.16 , 0.37 , 0.30 , 0.43 , 0.38 , 0.36 , 0.29 , 0.74 , 0.71 , 0.69 , 0.77 , 0.69 , 0.67 ,,,
126,UC Davis, 0.51 , 0.60 , 0.54 , 0.54 , 0.50 , 0.49 , 0.20 , 0.19 , 0.18 , 0.18 , 0.20 , 0.20 , 0.21 , 0.23 , 0.13 , 0.13 , 0.22 , 0.20 , 0.77 , 0.85 , 0.82 , 0.82 , 0.76 , 0.71 ,,,
145,UC Irvine, 0.50 , 0.55 , 0.38 , 0.49 , 0.50 , 0.51 , 0.21 , 0.17 , 0.07 , 0.16 , 0.23 , 0.17 , 0.29 , 0.23 , 0.21 , 0.21 , 0.32 , 0.32 , 0.73 , 0.60 , 0.55 , 0.53 , 0.78 , 0.71 ,,,
177,UC Riverside, 0.49 , 0.53 , 0.48 , 0.53 , 0.45 , 0.51 , 0.20 , 0.16 , 0.15 , 0.17 , 0.22 , 0.20 , 0.23 , 0.19 , 0.16 , 0.22 , 0.24 , 0.24 , 0.73 , 0.67 , 0.71 , 0.69 , 0.77 , 0.68 ,,,
156,UCLA, 0.50 , 0.49 , 0.55 , 0.51 , 0.46 , 0.52 , 0.19 , 0.18 , 0.18 , 0.19 , 0.19 , 0.19 , 0.35 , 0.34 , 0.30 , 0.35 , 0.36 , 0.30 , 0.71 , 0.71 , 0.78 , 0.72 , 0.67 , 0.63 ,,,
81,UCSB, 0.52 , 0.47 , 0.50 , 0.57 , 0.47 , 0.50 , 0.18 , 0.16 , 0.16 , 0.17 , 0.19 , 0.17 , 0.28 , 0.25 , 0.18 , 0.31 , 0.25 , 0.31 , 0.74 , 0.73 , 0.79 , 0.72 , 0.76 , 0.72 ,,,
254,UMKC, 0.47 , 0.48 , 0.49 , 0.47 , 0.47 , 0.50 , 0.20 , 0.23 , 0.23 , 0.24 , 0.20 , 0.17 , 0.19 , 0.19 , 0.10 , 0.34 , 0.16 , 0.21 , 0.69 , 0.73 , 0.70 , 0.77 , 0.67 , 0.70 ,,,
184,UNLV, 0.49 , 0.43 , 0.41 , 0.52 , 0.45 , 0.50 , 0.22 , 0.19 , 0.18 , 0.24 , 0.20 , 0.18 , 0.33 , 0.28 , 0.24 , 0.38 , 0.29 , 0.34 , 0.69 , 0.67 , 0.38 , 0.71 , 0.67 , 0.69 ,,,
148,USC, 0.50 , 0.52 , 0.58 , 0.50 , 0.50 , 0.53 , 0.19 , 0.20 , 0.20 , 0.20 , 0.19 , 0.16 , 0.31 , 0.28 , 0.28 , 0.34 , 0.27 , 0.25 , 0.66 , 0.67 , 0.58 , 0.68 , 0.64 , 0.65 ,,,
4,Utah, 0.59 , 0.62 , 0.59 , 0.65 , 0.49 , 0.55 , 0.18 , 0.14 , 0.10 , 0.15 , 0.21 , 0.19 , 0.26 , 0.20 , 0.26 , 0.23 , 0.29 , 0.28 , 0.75 , 0.78 , 0.77 , 0.77 , 0.72 , 0.71 ,,,
118,Utah State, 0.51 , 0.45 , 0.38 , 0.52 , 0.49 , 0.54 , 0.16 , 0.12 , 0.13 , 0.16 , 0.15 , 0.18 , 0.29 , 0.24 , 0.26 , 0.34 , 0.23 , 0.30 , 0.77 , 0.79 , 0.91 , 0.78 , 0.76 , 0.75 ,,,
189,Utah Val St, 0.49 , 0.50 , 0.55 , 0.47 , 0.49 , 0.56 , 0.19 , 0.23 , 0.21 , 0.21 , 0.19 , 0.20 , 0.21 , 0.21 , 0.13 , 0.26 , 0.19 , 0.26 , 0.76 , 0.77 , 0.71 , 0.78 , 0.75 , 0.73 ,,,
162,VA Military, 0.49 , 0.55 , 0.71 , 0.57 , 0.46 , 0.50 , 0.16 , 0.19 , 0.19 , 0.17 , 0.16 , 0.16 , 0.24 , 0.25 , 0.38 , 0.24 , 0.23 , 0.20 , 0.74 , 0.79 , 0.71 , 0.67 , 0.76 , 0.72 ,,,
7,VA Tech, 0.58 , 0.56 , 0.53 , 0.61 , 0.54 , 0.56 , 0.16 , 0.16 , 0.21 , 0.17 , 0.15 , 0.17 , 0.21 , 0.16 , 0.23 , 0.25 , 0.16 , 0.27 , 0.66 , 0.58 , 0.67 , 0.70 , 0.64 , 0.76 ,,,
159,Valparaiso, 0.50 , 0.48 , 0.56 , 0.49 , 0.50 , 0.49 , 0.19 , 0.21 , 0.19 , 0.17 , 0.20 , 0.20 , 0.30 , 0.27 , 0.27 , 0.36 , 0.27 , 0.24 , 0.70 , 0.71 , 0.63 , 0.63 , 0.71 , 0.70 ,,,
10,Vanderbilt, 0.57 , 0.48 , 0.49 , 0.56 , 0.61 , 0.49 , 0.18 , 0.19 , 0.15 , 0.17 , 0.23 , 0.20 , 0.30 , 0.29 , 0.26 , 0.31 , 0.26 , 0.27 , 0.66 , 0.73 , 0.85 , 0.66 , 0.69 , 0.67 ,,,
113,VCU, 0.51 , 0.48 , 0.52 , 0.52 , 0.46 , 0.50 , 0.19 , 0.19 , 0.18 , 0.19 , 0.19 , 0.19 , 0.25 , 0.15 , 0.04 , 0.26 , 0.21 , 0.30 , 0.73 , 0.76 , 0.82 , 0.73 , 0.73 , 0.70 ,,,
273,Vermont, 0.46 , 0.45 , 0.42 , 0.45 , 0.46 , 0.53 , 0.18 , 0.20 , 0.25 , 0.22 , 0.17 , 0.17 , 0.24 , 0.28 , 0.36 , 0.28 , 0.23 , 0.26 , 0.69 , 0.73 , 0.71 , 0.67 , 0.70 , 0.75 ,,,
15,Villanova, 0.57 , 0.54 , 0.53 , 0.55 , 0.58 , 0.53 , 0.17 , 0.18 , 0.12 , 0.17 , 0.17 , 0.16 , 0.30 , 0.34 , 0.39 , 0.31 , 0.29 , 0.30 , 0.76 , 0.81 , 0.91 , 0.78 , 0.74 , 0.73 ,,,
297,Virginia, 0.45 , 0.43 , 0.42 , 0.46 , 0.43 , 0.55 , 0.20 , 0.24 , 0.28 , 0.17 , 0.24 , 0.14 , 0.26 , 0.19 , 0.16 , 0.26 , 0.27 , 0.29 , 0.69 , 0.77 , 0.50 , 0.63 , 0.77 , 0.74 ,,,
46,W Carolina, 0.54 , 0.57 , 0.59 , 0.59 , 0.49 , 0.54 , 0.20 , 0.20 , 0.27 , 0.24 , 0.15 , 0.25 , 0.28 , 0.28 , 0.28 , 0.33 , 0.25 , 0.27 , 0.68 , 0.74 , 0.64 , 0.67 , 0.69 , 0.67 ,,,
138,W Illinois, 0.50 , 0.51 , 0.60 , 0.53 , 0.48 , 0.50 , 0.14 , 0.19 , 0.21 , 0.08 , 0.18 , 0.16 , 0.20 , 0.20 , 0.21 , 0.20 , 0.21 , 0.20 , 0.88 , 0.91 , 0.79 , 0.84 , 0.91 , 0.72 ,,,
37,W Kentucky, 0.54 , 0.48 , 0.50 , 0.58 , 0.53 , 0.50 , 0.21 , 0.18 , 0.18 , 0.21 , 0.21 , 0.19 , 0.27 , 0.21 , 0.26 , 0.35 , 0.24 , 0.28 , 0.77 , 0.74 , 0.68 , 0.77 , 0.76 , 0.72 ,,,
292,W Michigan, 0.45 , 0.43 , 0.49 , 0.47 , 0.43 , 0.48 , 0.16 , 0.13 , 0.13 , 0.11 , 0.19 , 0.21 , 0.24 , 0.28 , 0.27 , 0.29 , 0.20 , 0.28 , 0.74 , 0.69 , 0.65 , 0.71 , 0.76 , 0.69 ,,,
243,W Virginia, 0.47 , 0.47 , 0.47 , 0.49 , 0.45 , 0.48 , 0.19 , 0.20 , 0.26 , 0.18 , 0.21 , 0.21 , 0.36 , 0.37 , 0.32 , 0.34 , 0.37 , 0.35 , 0.68 , 0.64 , 0.42 , 0.73 , 0.62 , 0.69 ,,,
301,Wagner, 0.45 , 0.45 , 0.39 , 0.55 , 0.42 , 0.44 , 0.20 , 0.21 , 0.27 , 0.15 , 0.21 , 0.20 , 0.26 , 0.28 , 0.31 , 0.20 , 0.26 , 0.33 , 0.73 , 0.77 , 0.73 , 0.74 , 0.72 , 0.75 ,,,
244,Wake Forest, 0.47 , 0.42 , 0.60 , 0.55 , 0.44 , 0.45 , 0.20 , 0.22 , 0.24 , 0.21 , 0.19 , 0.19 , 0.29 , 0.22 , 0.19 , 0.24 , 0.30 , 0.32 , 0.76 , 0.77 , 0.69 , 0.68 , 0.81 , 0.73 ,,,
307,Wash State, 0.44 , 0.47 , 0.44 , 0.46 , 0.44 , 0.53 , 0.13 , 0.16 , 0.19 , 0.07 , 0.16 , 0.19 , 0.26 , 0.21 , 0.21 , 0.30 , 0.24 , 0.24 , 0.73 , 0.73 , 0.81 , 0.77 , 0.71 , 0.76 ,,,
132,Washington, 0.51 , 0.56 , 0.53 , 0.52 , 0.48 , 0.52 , 0.20 , 0.16 , 0.18 , 0.18 , 0.24 , 0.19 , 0.28 , 0.29 , 0.32 , 0.29 , 0.25 , 0.26 , 0.71 , 0.76 , 0.81 , 0.73 , 0.63 , 0.70 ,,,
268,Weber State, 0.46 , 0.55 , 0.53 , 0.41 , 0.47 , 0.53 , 0.22 , 0.21 , 0.25 , 0.20 , 0.22 , 0.16 , 0.24 , 0.22 , 0.27 , 0.28 , 0.23 , 0.18 , 0.63 , 0.68 , 0.71 , 0.50 , 0.64 , 0.74 ,,,
213,Wichita St, 0.48 , 0.46 , 0.55 , 0.50 , 0.41 , 0.47 , 0.15 , 0.18 , 0.18 , 0.14 , 0.17 , 0.17 , 0.32 , 0.29 , 0.28 , 0.33 , 0.29 , 0.31 , 0.72 , 0.73 , 0.78 , 0.73 , 0.71 , 0.73 ,,,
97,WI-Grn Bay, 0.52 , 0.55 , 0.50 , 0.56 , 0.50 , 0.52 , 0.16 , 0.14 , 0.20 , 0.15 , 0.16 , 0.17 , 0.20 , 0.25 , 0.24 , 0.19 , 0.21 , 0.25 , 0.72 , 0.73 , 0.91 , 0.76 , 0.70 , 0.70 ,,,
284,WI-Milwkee, 0.45 , 0.44 , 0.42 , 0.49 , 0.43 , 0.48 , 0.19 , 0.22 , 0.27 , 0.20 , 0.19 , 0.18 , 0.30 , 0.27 , 0.31 , 0.35 , 0.26 , 0.24 , 0.64 , 0.65 , 0.67 , 0.63 , 0.64 , 0.74 ,,,
158,Winthrop, 0.50 , 0.50 , 0.57 , 0.50 , 0.49 , 0.54 , 0.20 , 0.20 , 0.19 , 0.22 , 0.19 , 0.20 , 0.30 , 0.30 , 0.35 , 0.30 , 0.30 , 0.28 , 0.53 , 0.61 , 0.61 , 0.66 , 0.44 , 0.72 ,,,
146,Wisconsin, 0.50 , 0.46 , 0.61 , 0.56 , 0.42 , 0.51 , 0.17 , 0.14 , 0.06 , 0.15 , 0.20 , 0.14 , 0.29 , 0.33 , 0.25 , 0.29 , 0.28 , 0.23 , 0.79 , 0.71 , 0.89 , 0.87 , 0.68 , 0.65 ,,,
26,Wm & Mary, 0.56 , 0.58 , 0.44 , 0.60 , 0.54 , 0.54 , 0.18 , 0.19 , 0.20 , 0.18 , 0.17 , 0.18 , 0.17 , 0.15 , 0.21 , 0.20 , 0.16 , 0.23 , 0.72 , 0.78 , 0.80 , 0.72 , 0.72 , 0.67 ,,,
40,Wofford, 0.54 , 0.59 , 0.60 , 0.59 , 0.49 , 0.58 , 0.17 , 0.20 , 0.17 , 0.12 , 0.21 , 0.16 , 0.25 , 0.27 , 0.30 , 0.26 , 0.24 , 0.31 , 0.79 , 0.76 , 0.88 , 0.86 , 0.71 , 0.71 ,,,
180,Wright State, 0.49 , 0.48 , 0.49 , 0.49 , 0.49 , 0.51 , 0.15 , 0.14 , 0.15 , 0.16 , 0.15 , 0.17 , 0.29 , 0.24 , 0.22 , 0.24 , 0.32 , 0.28 , 0.66 , 0.65 , 0.69 , 0.68 , 0.66 , 0.74 ,,,
235,Wyoming, 0.47 , 0.50 , 0.45 , 0.52 , 0.36 , 0.49 , 0.20 , 0.18 , 0.17 , 0.19 , 0.25 , 0.19 , 0.10 , 0.13 , 0.15 , 0.11 , 0.09 , 0.13 , 0.70 , 0.64 , 0.58 , 0.73 , 0.62 , 0.72 ,,,
200,Xavier, 0.48 , 0.51 , 0.52 , 0.48 , 0.49 , 0.53 , 0.19 , 0.16 , 0.15 , 0.17 , 0.23 , 0.19 , 0.32 , 0.37 , 0.18 , 0.32 , 0.32 , 0.30 , 0.67 , 0.66 , 0.73 , 0.66 , 0.69 , 0.68 ,,,
60,Yale, 0.53 , 0.54 , 0.57 , 0.55 , 0.52 , 0.56 , 0.19 , 0.19 , 0.16 , 0.18 , 0.19 , 0.18 , 0.21 , 0.21 , 0.25 , 0.16 , 0.22 , 0.25 , 0.68 , 0.75 , 0.68 , 0.73 , 0.66 , 0.74 ,,,
321,Youngs St, 0.43 , 0.51 , 0.52 , 0.48 , 0.42 , 0.50 , 0.17 , 0.16 , 0.16 , 0.16 , 0.17 , 0.18 , 0.31 , 0.30 , 0.27 , 0.36 , 0.30 , 0.32 , 0.67 , 0.66 , 0.58 , 0.79 , 0.63 , 0.70 ,,,
,,,,,,,,,,,,,,,,,,,,,,,,,,,,
,,,,,,,,,,,,,,,,,,,,,,,,,,,,
